Route_Name,Route_Link,Bus_Name,Bus_Type,Departing_Time,Duration,Reaching_Time,Star_Rating,Price,Seat_Availability
Tezpur to Guwahati,https://www.redbus.in/bus-tickets/tezpur-to-guwahati,Assam State Transport Corporation (ASTC) - 154930,Volvo AC Seater 2+2,15:45,04h 15m,20:00,4.0,INR 298,14 Seats available
Tezpur to Guwahati,https://www.redbus.in/bus-tickets/tezpur-to-guwahati,Assam State Transport Corporation (ASTC) - 161055,Volvo AC Seater 2+2,16:15,04h 15m,20:30,4.4,INR 298,17 Seats available
Tezpur to Guwahati,https://www.redbus.in/bus-tickets/tezpur-to-guwahati,Chartered Bus - ASTC,Volvo Multi-Axle I-Shift B11R Semi Sleeper (2+2),13:00,04h 00m,17:00,4.7,INR 389.13,19 Seats available
Tezpur to Guwahati,https://www.redbus.in/bus-tickets/tezpur-to-guwahati,PANKAJ TRAVELS,AC Seater (2+2),13:10,04h 40m,17:50,3.5,INR 350,30 Seats available
Tezpur to Guwahati,https://www.redbus.in/bus-tickets/tezpur-to-guwahati,Chartered Bus - ASTC,Volvo AC Seater Pushback 2+2,14:30,04h 00m,18:30,4.6,INR 432.06,25 Seats available
Tezpur to Guwahati,https://www.redbus.in/bus-tickets/tezpur-to-guwahati,SHIVAM TRAVELS,Bharat Benz A/C Seater (2+1),15:00,04h 15m,19:15,4.1,324,30 Seats available
Tezpur to Guwahati,https://www.redbus.in/bus-tickets/tezpur-to-guwahati,Chartered Bus - ASTC,Volvo AC Seater Pushback 2+2,15:30,03h 45m,19:15,4.6,INR 389.13,16 Seats available
Tezpur to Guwahati,https://www.redbus.in/bus-tickets/tezpur-to-guwahati,BLUE HILL TRAVELS INDIA LIMITED,NON A/C Seater Semi Sleeper (2+1),22:15,05h 30m,03:45,3.6,450,23 Seats available
Tezpur to Guwahati,https://www.redbus.in/bus-tickets/tezpur-to-guwahati,Maya Travels,Tata A/C Seater (2+2),13:00,04h 30m,17:30,1.6,INR 300,37 Seats available
Tezpur to Guwahati,https://www.redbus.in/bus-tickets/tezpur-to-guwahati,BLUE HILL TRAVELS INDIA LIMITED,NON A/C Seater Semi Sleeper (2+1),21:30,06h 00m,03:30,2.9,INR 400,7 Seats available
Tezpur to Guwahati,https://www.redbus.in/bus-tickets/tezpur-to-guwahati,Himalayan Travels,NON AC Seater / Sleeper 2+1,23:40,04h 20m,04:00,1.7,INR 500,30 Seats available
Guwahati to Tezpur,https://www.redbus.in/bus-tickets/guwahati-to-tezpur,Orient Transline,A/C Seater (2+1),13:00,04h 10m,17:10,4.2,INR 380.95,9 Seats available
Guwahati to Tezpur,https://www.redbus.in/bus-tickets/guwahati-to-tezpur,Mahi Travels(Under ASTC),A/C Seater (2+2),14:15,03h 35m,17:50,4.5,389,23 Seats available
Guwahati to Tezpur,https://www.redbus.in/bus-tickets/guwahati-to-tezpur,WARISPIYA TRAVELS,AC Seater (2+2),15:00,03h 40m,18:40,4.4,INR 360,28 Seats available
Guwahati to Tezpur,https://www.redbus.in/bus-tickets/guwahati-to-tezpur,WARISPIYA TRAVELS,AC Seater (2+2),15:35,03h 40m,19:15,4.0,INR 360,32 Seats available
Guwahati to Tezpur,https://www.redbus.in/bus-tickets/guwahati-to-tezpur,WARISPIYA TRAVELS,Bharat Benz A/C Seater (2+2),16:15,03h 25m,19:40,4.2,INR 360,25 Seats available
Guwahati to Tezpur,https://www.redbus.in/bus-tickets/guwahati-to-tezpur,Kalpana Travels,AC Seater (2+2),16:50,03h 25m,20:15,4.7,342,34 Seats available
Guwahati to Tezpur,https://www.redbus.in/bus-tickets/guwahati-to-tezpur,Yatra Travels,NON AC Seater/ Sleeper (2+1),20:00,04h 00m,00:00,3.5,400,25 Seats available
Guwahati to Tezpur,https://www.redbus.in/bus-tickets/guwahati-to-tezpur,Pranjit Travels (Under ASTC),A/C Seater / Sleeper (2+1),20:45,05h 45m,02:30,3.2,INR 500,36 Seats available
Guwahati to Tezpur,https://www.redbus.in/bus-tickets/guwahati-to-tezpur,Yatra Travels,NON AC Seater/ Sleeper (2+1),20:30,04h 30m,01:00,3.8,400,32 Seats available
Guwahati to Tezpur,https://www.redbus.in/bus-tickets/guwahati-to-tezpur,KIRAN TRAVELS,A/C Seater (2+1),20:40,03h 50m,00:30,3.1,500,16 Seats available
Guwahati to Tezpur,https://www.redbus.in/bus-tickets/guwahati-to-tezpur,Pranjit Travels (Under ASTC),NON A/C Seater (2+1),21:15,04h 30m,01:45,3.2,INR 450,27 Seats available
Guwahati to Tezpur,https://www.redbus.in/bus-tickets/guwahati-to-tezpur,Pranjit Travels (Under ASTC),Bharat Benz A/C Seater (2+1),21:30,05h 00m,02:30,4.1,510,21 Seats available
Guwahati to Tezpur,https://www.redbus.in/bus-tickets/guwahati-to-tezpur,Pranjit Travels (Under ASTC),NON A/C Seater (2+1),21:45,04h 15m,02:00,3.0,INR 450,26 Seats available
Guwahati to Tezpur,https://www.redbus.in/bus-tickets/guwahati-to-tezpur,DESTINY TRAVELS,NON A/C Seater (2+1),18:45,05h 20m,00:05,1.9,425,1 Seat available
Guwahati to Tezpur,https://www.redbus.in/bus-tickets/guwahati-to-tezpur,BLUE HILL TRAVELS INDIA LIMITED,NON A/C Seater Semi Sleeper (2+1),20:00,05h 15m,01:15,2.9,400,24 Seats available
Guwahati to Tezpur,https://www.redbus.in/bus-tickets/guwahati-to-tezpur,Himalayan Travels,NON AC Seater / Sleeper 2+1,20:30,06h 00m,02:30,1.7,INR 500,31 Seats available
Guwahati to Nagaon (Assam),https://www.redbus.in/bus-tickets/guwahati-to-nagaon,Orient Transline,A/C Seater (2+1),13:00,02h 45m,15:45,3.4,INR 333.33,9 Seats available
Guwahati to Nagaon (Assam),https://www.redbus.in/bus-tickets/guwahati-to-nagaon,Anindita Travels,NON A/C Seater (2+1),13:30,03h 15m,16:45,4.1,360,24 Seats available
Guwahati to Nagaon (Assam),https://www.redbus.in/bus-tickets/guwahati-to-nagaon,Mahi Travels(Under ASTC),A/C Seater (2+2),14:15,02h 00m,16:15,3.9,359,41 Seats available
Guwahati to Nagaon (Assam),https://www.redbus.in/bus-tickets/guwahati-to-nagaon,DESTINY TRAVELS,NON A/C Seater (2+1),18:45,27h 05m,21:50,1.9,446,1 Seat available
Nagaon (Assam) to Guwahati,https://www.redbus.in/bus-tickets/nagaon-to-guwahati,Baikuntha Transport Service,A/C Seater/Sleeper (2+1),14:00,03h 00m,17:00,3.0,400,33 Seats available
Nagaon (Assam) to Guwahati,https://www.redbus.in/bus-tickets/nagaon-to-guwahati,Chartered Bus - ASTC,Volvo Multi-Axle I-Shift B11R Semi Sleeper (2+2),14:30,02h 30m,17:00,4.6,INR 216.69,20 Seats available
Nagaon (Assam) to Guwahati,https://www.redbus.in/bus-tickets/nagaon-to-guwahati,PANKAJ TRAVELS,AC Seater (2+2),14:50,03h 00m,17:50,3.2,INR 300,30 Seats available
Nagaon (Assam) to Guwahati,https://www.redbus.in/bus-tickets/nagaon-to-guwahati,Chartered Bus - ASTC,Volvo AC Seater Pushback 2+2,16:00,02h 30m,18:30,4.6,INR 324.04,30 Seats available
Nagaon (Assam) to Guwahati,https://www.redbus.in/bus-tickets/nagaon-to-guwahati,SHIVAM TRAVELS,Bharat Benz A/C Seater (2+1),16:45,02h 30m,19:15,4.5,270,30 Seats available
Nagaon (Assam) to Guwahati,https://www.redbus.in/bus-tickets/nagaon-to-guwahati,Chartered Bus - ASTC,Volvo AC Seater Pushback 2+2,17:00,02h 15m,19:15,4.6,INR 216.69,17 Seats available
Nagaon (Assam) to Guwahati,https://www.redbus.in/bus-tickets/nagaon-to-guwahati,Pranjit Travels (Under ASTC),NON A/C Seater (2+1),13:00,02h 45m,15:45,2.4,INR 300,28 Seats available
Nagaon (Assam) to Guwahati,https://www.redbus.in/bus-tickets/nagaon-to-guwahati,Kareng Travels,Non AC Seater (2+1),14:15,02h 30m,16:45,1.5,INR 300,23 Seats available
Goalpara to Guwahati,https://www.redbus.in/bus-tickets/goalpara-to-guwahati,Balaji Tours And Travels,NON A/C Seater Push Back (2+2),13:00,04h 00m,17:00,2.3,INR 162,41 Seats available
Goalpara to Guwahati,https://www.redbus.in/bus-tickets/goalpara-to-guwahati,Balaji Tours And Travels,NON A/C Seater (2+2),13:30,03h 30m,17:00,2.3,INR 162,33 Seats available
Goalpara to Guwahati,https://www.redbus.in/bus-tickets/goalpara-to-guwahati,Balaji Tours And Travels,NON A/C Seater (2+2),14:15,03h 00m,17:15,2.3,INR 162,33 Seats available
Jorhat to North Lakhimpur,https://www.redbus.in/bus-tickets/jorhat-to-north-lakhimpur,Priyanka,NON A/C Seater (2+1),19:00,10h 30m,05:30,2.6,INR 600,24 Seats available
Dhubri to Guwahati,https://www.redbus.in/bus-tickets/dhubri-to-guwahati,Yatra,Non AC Seater (2+2),20:15,07h 15m,03:30,2.2,INR 350,10 Seats available
Dhubri to Guwahati,https://www.redbus.in/bus-tickets/dhubri-to-guwahati,MAA MONOSHA TRAVELS,NON A/C Seater (2+1),20:00,07h 30m,03:30,2.2,INR 350,38 Seats available
Jorhat to Dibrugarh,https://www.redbus.in/bus-tickets/jorhat-to-dibrugarh,Chartered Bus - ASTC,Volvo AC Seater Pushback 2+2,13:30,03h 45m,17:15,4.8,INR 594.48,18 Seats available
Jorhat to Dibrugarh,https://www.redbus.in/bus-tickets/jorhat-to-dibrugarh,SHIVAM TRAVELS,Bharat Benz A/C Seater (2+1),13:30,03h 30m,17:00,4.2,INR 530,17 Seats available
Jorhat to Dibrugarh,https://www.redbus.in/bus-tickets/jorhat-to-dibrugarh,Bashudev Transline (Under ASTC),A/C Seater (2+1),14:10,03h 50m,18:00,4.3,INR 550,19 Seats available
North Lakhimpur to Sibsagar,https://www.redbus.in/bus-tickets/north-lakhimpur-to-sibsagar,Assam State Transport Corporation (ASTC) - 173044,Non AC Seater (2+2),13:00,03h 30m,16:30,3.0,INR 220,29 Seats available
North Lakhimpur to Sibsagar,https://www.redbus.in/bus-tickets/north-lakhimpur-to-sibsagar,Sylvan DEE Transport,Non AC Seater (2+1),17:30,12h 00m,05:30,3.3,INR 640,6 Seats available
Guwahati to Dhubri,https://www.redbus.in/bus-tickets/guwahati-to-dhubri,Assam State Transport Corporation (ASTC) - 150574,Bharat Benz A/C Seater (2+2),13:00,06h 00m,19:00,3.7,INR 410,8 Seats available
Guwahati to Dhubri,https://www.redbus.in/bus-tickets/guwahati-to-dhubri,SREE CHAITANYA,Non AC Seater (2+2),17:30,05h 30m,23:00,2.3,INR 250,43 Seats available
Guwahati to Dhubri,https://www.redbus.in/bus-tickets/guwahati-to-dhubri,Rizwan Travels,A/C Seater (2+2),13:30,06h 00m,19:30,0,INR 350,29 Seats available
Dibrugarh to Jorhat,https://www.redbus.in/bus-tickets/dibrugarh-to-jorhat,Ankur Travels (Under ASTC),NON A/C Push Back (2+2),14:45,04h 45m,19:30,3.1,INR 250,37 Seats available
Dibrugarh to Jorhat,https://www.redbus.in/bus-tickets/dibrugarh-to-jorhat,Basudev Transline,A/C Seater (2+2),15:15,04h 25m,19:40,3.3,299,29 Seats available
Dibrugarh to Jorhat,https://www.redbus.in/bus-tickets/dibrugarh-to-jorhat,Trishul Transport Service,A/C Seater / Sleeper (2+1),19:15,03h 40m,22:55,3.8,509,43 Seats available
Dibrugarh to Jorhat,https://www.redbus.in/bus-tickets/dibrugarh-to-jorhat,Baikuntha Transport Service,Bharat Benz A/C Sleeper (2+1),19:30,03h 45m,23:15,3.1,400,50 Seats available
Dibrugarh to Jorhat,https://www.redbus.in/bus-tickets/dibrugarh-to-jorhat,Purple Wings Coaches,A/C Seater / Sleeper (2+1),19:55,04h 20m,00:15,3.8,540,40 Seats available
Dibrugarh to Jorhat,https://www.redbus.in/bus-tickets/dibrugarh-to-jorhat,Maa Laxmi,NON A/C Seater Push Back (2+1),17:30,04h 00m,21:30,2.9,INR 500,33 Seats available
Dibrugarh to Jorhat,https://www.redbus.in/bus-tickets/dibrugarh-to-jorhat,Murugan RC Travels,NON A/C Seater (2+1),18:55,04h 05m,23:00,2.7,326,34 Seats available
Jorhat to Tinsukia,https://www.redbus.in/bus-tickets/jorhat-to-tinsukia,Chartered Bus - ASTC,Volvo AC Seater Pushback 2+2,13:30,05h 00m,18:30,4.5,INR 626.24,18 Seats available
Tezpur to Dibrugarh,https://www.redbus.in/bus-tickets/tezpur-to-dibrugarh,Aniruddha Travels,NON A/C Seater/ Sleeper (2+1),19:30,08h 30m,04:00,3.8,INR 550,31 Seats available
Tezpur to Dibrugarh,https://www.redbus.in/bus-tickets/tezpur-to-dibrugarh,Puja Transport,Non AC Seater (2+2),20:00,09h 00m,05:00,3.0,INR 550,26 Seats available
Tezpur to Dibrugarh,https://www.redbus.in/bus-tickets/tezpur-to-dibrugarh,Puja Transport,NON AC Seater / Sleeper 2+1,20:00,08h 30m,04:30,3.6,INR 550,12 Seats available
Tezpur to Dibrugarh,https://www.redbus.in/bus-tickets/tezpur-to-dibrugarh,J.S. Travels,Non AC Seater (2+1),20:30,07h 30m,04:00,2.3,INR 550,32 Seats available
Tezpur to Dibrugarh,https://www.redbus.in/bus-tickets/tezpur-to-dibrugarh,Neha Travels,NON A/C Seater (2+2),21:50,08h 40m,06:30,2.1,INR 650,35 Seats available
Tezpur to Dibrugarh,https://www.redbus.in/bus-tickets/tezpur-to-dibrugarh,Maa Laxmi,NON A/C Seater Push Back (2+1),22:15,07h 15m,05:30,1.9,INR 550,33 Seats available
Tezpur to Dibrugarh,https://www.redbus.in/bus-tickets/tezpur-to-dibrugarh,PIHU TRANSPORT,Bharat Benz NON A/C Seater / Sleeper (2+1),19:45,08h 15m,04:00,2.0,INR 470,39 Seats available
Tezpur to Dibrugarh,https://www.redbus.in/bus-tickets/tezpur-to-dibrugarh,Neha Travels,NON A/C Seater (2+2),22:10,05h 50m,04:00,2.6,INR 650,12 Seats available
North Lakhimpur to Tezpur,https://www.redbus.in/bus-tickets/north-lakhimpur-to-tezpur,DESTINY TRAVELS,NON A/C Seater (2+1),20:20,27h 25m,23:45,1.9,446,35 Seats available
Guwahati to Biswanath Charali,https://www.redbus.in/bus-tickets/guwahati-to-biswanath-charali,Orient Transline,A/C Seater (2+1),13:10,06h 00m,19:10,3.8,INR 476.19,9 Seats available
Guwahati to Biswanath Charali,https://www.redbus.in/bus-tickets/guwahati-to-biswanath-charali,Mahi Travels(Under ASTC),A/C Seater (2+2),14:15,05h 15m,19:30,4.2,486,23 Seats available
Guwahati to Biswanath Charali,https://www.redbus.in/bus-tickets/guwahati-to-biswanath-charali,PARIJAT TRAVELS(UNDER ASTC),NON A/C Seater (2+1),19:35,06h 25m,02:00,3.8,375,21 Seats available
Guwahati to Biswanath Charali,https://www.redbus.in/bus-tickets/guwahati-to-biswanath-charali,Laxmi Travels,Bharat Benz A/C Seater /Sleeper (2+1),19:45,04h 05m,23:50,4.2,600,33 Seats available
Guwahati to Biswanath Charali,https://www.redbus.in/bus-tickets/guwahati-to-biswanath-charali,Yatra Travels,NON AC Seater/ Sleeper (2+1),20:00,05h 00m,01:00,4.0,450,25 Seats available
Guwahati to Biswanath Charali,https://www.redbus.in/bus-tickets/guwahati-to-biswanath-charali,Pranjit Travels (Under ASTC),A/C Seater / Sleeper (2+1),20:45,06h 45m,03:30,4.2,INR 550,41 Seats available
Guwahati to Biswanath Charali,https://www.redbus.in/bus-tickets/guwahati-to-biswanath-charali,Yatra Travels,NON AC Seater/ Sleeper (2+1),20:30,05h 45m,02:15,4.0,450,32 Seats available
Guwahati to Biswanath Charali,https://www.redbus.in/bus-tickets/guwahati-to-biswanath-charali,BLUE HILL TRAVELS INDIA LIMITED,NON A/C Seater Semi Sleeper (2+1),20:00,06h 00m,02:00,1.9,450,27 Seats available
Guwahati to Biswanath Charali,https://www.redbus.in/bus-tickets/guwahati-to-biswanath-charali,Pranjit Travels (Under ASTC),NON A/C Seater (2+1),21:15,06h 15m,03:30,3.6,INR 500,27 Seats available
Guwahati to Biswanath Charali,https://www.redbus.in/bus-tickets/guwahati-to-biswanath-charali,Pranjit Travels (Under ASTC),Bharat Benz A/C Seater (2+1),21:30,06h 15m,03:45,3.8,510,21 Seats available
Guwahati to Biswanath Charali,https://www.redbus.in/bus-tickets/guwahati-to-biswanath-charali,Pranjit Travels (Under ASTC),Non AC Seater (2+1),21:15,06h 30m,03:45,4.0,INR 500,30 Seats available
Guwahati to Biswanath Charali,https://www.redbus.in/bus-tickets/guwahati-to-biswanath-charali,DONYI POLO EXPRESS,NON A/C Seater (2+1),15:45,06h 00m,21:45,1.3,400,22 Seats available
Guwahati to Biswanath Charali,https://www.redbus.in/bus-tickets/guwahati-to-biswanath-charali,MAHARATHI TRANSPORT,NON A/C Semi Sleeper (2+1),20:15,05h 45m,02:00,3.9,375,20 Seats available
Guwahati to Biswanath Charali,https://www.redbus.in/bus-tickets/guwahati-to-biswanath-charali,MAHARATHI TRANSPORT,NON A/C Seater (2+1),20:55,05h 50m,02:45,3.9,375,33 Seats available
Guwahati to Biswanath Charali,https://www.redbus.in/bus-tickets/guwahati-to-biswanath-charali,DESTINY TRAVELS,NON A/C Seater (2+1),18:45,29h 39m,00:24,1.9,477,1 Seat available
Guwahati to Biswanath Charali,https://www.redbus.in/bus-tickets/guwahati-to-biswanath-charali,NORTH EAST TRAVELS(UNDER ASTC),NON A/C Seater (2+1),20:15,06h 15m,02:30,2.5,450,26 Seats available
Guwahati to Biswanath Charali,https://www.redbus.in/bus-tickets/guwahati-to-biswanath-charali,Pranjit Travels (Under ASTC),NON A/C Seater (2+1),21:45,05h 15m,03:00,2.8,INR 500,26 Seats available
North Lakhimpur to Dibrugarh,https://www.redbus.in/bus-tickets/north-lakhimpur-to-dibrugarh,Air Bus Travels,NON AC Seater / Sleeper 2+1,21:00,06h 00m,03:00,3.8,INR 400,34 Seats available
Tinsukia to Jorhat,https://www.redbus.in/bus-tickets/tinsukia-to-jorhat,Maa Laxmi,NON A/C Seater Push Back (2+1),16:00,05h 30m,21:30,3.6,INR 400,29 Seats available
Tinsukia to Jorhat,https://www.redbus.in/bus-tickets/tinsukia-to-jorhat,Purple Wings Coaches,A/C Seater / Sleeper (2+1),18:30,05h 45m,00:15,3.8,567,31 Seats available
Tinsukia to Jorhat,https://www.redbus.in/bus-tickets/tinsukia-to-jorhat,NETWORK TRAVELS,NON A/C Seater Push Back (2+1),19:00,05h 30m,00:30,4.5,300,35 Seats available
Tezpur to North Lakhimpur,https://www.redbus.in/bus-tickets/tezpur-to-north-lakhimpur,Pranjit Travels (Under ASTC),NON A/C Seater (2+1),13:10,05h 20m,18:30,3.5,INR 500,21 Seats available
Tezpur to North Lakhimpur,https://www.redbus.in/bus-tickets/tezpur-to-north-lakhimpur,Narayan Travels,AC Seater (2+2),14:20,06h 10m,20:30,1.9,399,39 Seats available
Tezpur to North Lakhimpur,https://www.redbus.in/bus-tickets/tezpur-to-north-lakhimpur,DESTINY TRAVELS,NON A/C Seater (2+1),23:30,04h 15m,03:45,0,456,2 Seats available
Guwahati to Gohpur,https://www.redbus.in/bus-tickets/guwahati-to-gohpur,Yatra Travels,NON AC Seater/ Sleeper (2+1),20:00,06h 30m,02:30,4.3,450,25 Seats available
Guwahati to Gohpur,https://www.redbus.in/bus-tickets/guwahati-to-gohpur,Pranjit Travels (Under ASTC),Bharat Benz A/C Seater (2+1),21:30,07h 45m,05:15,3.8,561,18 Seats available
Guwahati to Gohpur,https://www.redbus.in/bus-tickets/guwahati-to-gohpur,KIRAN TRAVELS,A/C Seater (2+1),20:40,08h 20m,05:00,4.1,500,18 Seats available
Guwahati to Gohpur,https://www.redbus.in/bus-tickets/guwahati-to-gohpur,Yatra Travels,NON AC Seater/ Sleeper (2+1),20:30,06h 45m,03:15,4.6,450,32 Seats available
Guwahati to Gohpur,https://www.redbus.in/bus-tickets/guwahati-to-gohpur,Pranjit Travels (Under ASTC),A/C Seater / Sleeper (2+1),20:45,08h 00m,04:45,3.7,527,35 Seats available
Guwahati to Gohpur,https://www.redbus.in/bus-tickets/guwahati-to-gohpur,Drishti Travels,NON A/C Seater (2+1),16:30,09h 30m,02:00,3.9,432,32 Seats available
Guwahati to Gohpur,https://www.redbus.in/bus-tickets/guwahati-to-gohpur,Drishti Travels,NON A/C Seater (2+1),17:30,09h 30m,03:00,3.6,432,28 Seats available
Guwahati to Gohpur,https://www.redbus.in/bus-tickets/guwahati-to-gohpur,MAHARATHI TRANSPORT,NON A/C Semi Sleeper (2+1),20:15,07h 50m,04:05,4.2,375,20 Seats available
Guwahati to Gohpur,https://www.redbus.in/bus-tickets/guwahati-to-gohpur,Deep Travels,NON AC Seater / Sleeper 2+1,21:00,07h 15m,04:15,3.4,INR 499,24 Seats available
Guwahati to Gohpur,https://www.redbus.in/bus-tickets/guwahati-to-gohpur,MAHARATHI TRANSPORT,NON A/C Seater (2+1),20:55,06h 50m,03:45,3.8,375,33 Seats available
Guwahati to Gohpur,https://www.redbus.in/bus-tickets/guwahati-to-gohpur,BLUE HILL TRAVELS INDIA LIMITED,NON A/C Seater Semi Sleeper (2+1),20:00,07h 50m,03:50,4.0,450,26 Seats available
Guwahati to Gohpur,https://www.redbus.in/bus-tickets/guwahati-to-gohpur,PARIJAT TRAVELS(UNDER ASTC),NON A/C Seater (2+1),19:35,08h 25m,04:00,3.9,375,21 Seats available
Guwahati to Gohpur,https://www.redbus.in/bus-tickets/guwahati-to-gohpur,Pranjit Travels (Under ASTC),NON A/C Seater (2+1),21:45,07h 15m,05:00,4.1,INR 570,28 Seats available
Guwahati to Gohpur,https://www.redbus.in/bus-tickets/guwahati-to-gohpur,Laxmi Travels,Bharat Benz A/C Seater /Sleeper (2+1),19:45,06h 45m,02:30,3.5,600,28 Seats available
Guwahati to Gohpur,https://www.redbus.in/bus-tickets/guwahati-to-gohpur,DONYI POLO EXPRESS,NON A/C Seater (2+1),15:45,07h 00m,22:45,3.4,400,18 Seats available
Guwahati to Gohpur,https://www.redbus.in/bus-tickets/guwahati-to-gohpur,Pranjit Travels (Under ASTC),Non AC Seater (2+1),21:15,07h 30m,04:45,1.9,INR 570,37 Seats available
Guwahati to Gohpur,https://www.redbus.in/bus-tickets/guwahati-to-gohpur,NORTH EAST TRAVELS(UNDER ASTC),NON A/C Seater (2+1),20:15,07h 45m,04:00,1.2,450,23 Seats available
Guwahati to Gohpur,https://www.redbus.in/bus-tickets/guwahati-to-gohpur,DESTINY TRAVELS,NON A/C Seater (2+1),18:45,06h 50m,01:35,3.1,529,2 Seats available
Guwahati to Gohpur,https://www.redbus.in/bus-tickets/guwahati-to-gohpur,BLUE HILL TRAVELS INDIA LIMITED,NON A/C Seater Semi Sleeper (2+1),16:15,09h 15m,01:30,1.3,INR 600,29 Seats available
Guwahati to Gohpur,https://www.redbus.in/bus-tickets/guwahati-to-gohpur,Pranjit Travels (Under ASTC),Non AC Seater (2+1),21:15,08h 00m,05:15,0,510,30 Seats available
Guwahati to Gohpur,https://www.redbus.in/bus-tickets/guwahati-to-gohpur,GURUNANAK TRAVELS,NON A/C Seater (2+1),19:00,08h 00m,03:00,0,INR 500,32 Seats available
Guwahati to Kaliabor,https://www.redbus.in/bus-tickets/guwahati-to-kaliabor,Orient Transline,A/C Seater (2+1),13:10,03h 10m,16:20,4.0,INR 380.95,12 Seats available
Guwahati to Kaliabor,https://www.redbus.in/bus-tickets/guwahati-to-kaliabor,Anindita Travels,NON A/C Seater (2+1),13:30,04h 45m,18:15,4.1,405,27 Seats available
Guwahati to Kaliabor,https://www.redbus.in/bus-tickets/guwahati-to-kaliabor,Mahalaxmi Travels,A/C Seater (2+2),14:35,02h 50m,17:25,3.3,INR 280,40 Seats available
Guwahati to Kaliabor,https://www.redbus.in/bus-tickets/guwahati-to-kaliabor,BAIKUNTHA TRAVELS (UNDER ASTC),A/C Seater/Sleeper (2+1),20:00,03h 15m,23:15,3.3,439,47 Seats available
Guwahati to Kaliabor,https://www.redbus.in/bus-tickets/guwahati-to-kaliabor,TRINAYAN TRANSPORT (Under ASTC),A/C Seater (2+1),20:15,05h 00m,01:15,3.8,415,27 Seats available
Guwahati to Kaliabor,https://www.redbus.in/bus-tickets/guwahati-to-kaliabor,Rishi India Travels,Bharat Benz A/C Seater (2+1),13:15,03h 00m,16:15,2.9,450,38 Seats available
Guwahati to Kaliabor,https://www.redbus.in/bus-tickets/guwahati-to-kaliabor,Mahi Travels(Under ASTC),A/C Seater (2+2),14:15,03h 15m,17:30,2.4,389,43 Seats available
Dibrugarh to Tezpur,https://www.redbus.in/bus-tickets/dibrugarh-to-tezpur,Puja Transport,NON AC Seater / Sleeper 2+1,20:00,09h 00m,05:00,3.5,INR 550,20 Seats available
Dibrugarh to Tezpur,https://www.redbus.in/bus-tickets/dibrugarh-to-tezpur,Aniruddha Travels,NON A/C Seater/ Sleeper (2+1),19:45,08h 15m,04:00,3.2,INR 550,24 Seats available
Dibrugarh to Tezpur,https://www.redbus.in/bus-tickets/dibrugarh-to-tezpur,PIHU TRANSPORT,Bharat Benz NON A/C Seater / Sleeper (2+1),19:50,08h 40m,04:30,2.9,INR 470,33 Seats available
Dibrugarh to Tezpur,https://www.redbus.in/bus-tickets/dibrugarh-to-tezpur,J.S. Travels,Non AC Seater (2+1),19:00,09h 00m,04:00,2.6,INR 500,32 Seats available
Dibrugarh to Tezpur,https://www.redbus.in/bus-tickets/dibrugarh-to-tezpur,Puja Transport,Non AC Seater (2+2),19:15,08h 45m,04:00,2.6,INR 550,30 Seats available
Dibrugarh to Tezpur,https://www.redbus.in/bus-tickets/dibrugarh-to-tezpur,Maa Laxmi,NON A/C Seater Push Back (2+1),17:30,07h 30m,01:00,2.9,INR 550,27 Seats available
Dibrugarh to Tezpur,https://www.redbus.in/bus-tickets/dibrugarh-to-tezpur,Neha Travels,NON A/C Sleeper (2+1),17:00,10h 15m,03:15,2.5,INR 650,32 Seats available
Dibrugarh to Tezpur,https://www.redbus.in/bus-tickets/dibrugarh-to-tezpur,Neha Travels,NON A/C Seater (2+2),17:15,11h 45m,05:00,2.5,INR 620,32 Seats available
Biswanath Charali to Guwahati,https://www.redbus.in/bus-tickets/biswanath-charali-to-guwahati,BLUE HILL TRAVELS INDIA LIMITED,NON A/C Seater Semi Sleeper (2+1),21:30,06h 15m,03:45,4.0,450,26 Seats available
Biswanath Charali to Guwahati,https://www.redbus.in/bus-tickets/biswanath-charali-to-guwahati,Pranjit Travels (Under ASTC),NON A/C Seater (2+1),23:15,06h 15m,05:30,4.0,INR 500,26 Seats available
Biswanath Charali to Guwahati,https://www.redbus.in/bus-tickets/biswanath-charali-to-guwahati,BLUE HILL TRAVELS INDIA LIMITED,NON A/C Seater Semi Sleeper (2+1),20:00,07h 30m,03:30,2.5,INR 450,29 Seats available
Dibrugarh to North Lakhimpur,https://www.redbus.in/bus-tickets/dibrugarh-to-north-lakhimpur,BARBIE TRAVELS,NON A/C Hi-Tech Push Back (2+2),13:30,05h 00m,18:30,3.0,INR 240,40 Seats available
Dibrugarh to North Lakhimpur,https://www.redbus.in/bus-tickets/dibrugarh-to-north-lakhimpur,BARBIE TRAVELS,NON A/C Hi-Tech Push Back (2+2),15:30,04h 00m,19:30,3.0,INR 240,40 Seats available
Dibrugarh to North Lakhimpur,https://www.redbus.in/bus-tickets/dibrugarh-to-north-lakhimpur,Maa Jagadamba,A/C Seater Push Back (2+2),16:15,03h 15m,19:30,4.1,INR 260,41 Seats available
Dibrugarh to North Lakhimpur,https://www.redbus.in/bus-tickets/dibrugarh-to-north-lakhimpur,Maa Jagadamba,NON A/C Seater (2+3),16:20,03h 10m,19:30,4.1,INR 250,39 Seats available
Dibrugarh to North Lakhimpur,https://www.redbus.in/bus-tickets/dibrugarh-to-north-lakhimpur,Air Bus Travels,NON AC Seater / Sleeper 2+1,19:40,05h 20m,01:00,3.6,INR 400,40 Seats available
Dibrugarh to North Lakhimpur,https://www.redbus.in/bus-tickets/dibrugarh-to-north-lakhimpur,Air Bus Travels,NON AC Seater / Sleeper 2+1,21:15,04h 45m,02:00,3.7,INR 400,43 Seats available
Tumuki (Tezpur Medical) to Guwahati,https://www.redbus.in/bus-tickets/tumuki-tezpur-medical-to-guwahati,Assam State Transport Corporation (ASTC) - 161055,Volvo AC Seater 2+2,15:15,05h 15m,20:30,3.2,INR 316,16 Seats available
Biswanath Charali to Dibrugarh,https://www.redbus.in/bus-tickets/biswanath-charali-to-dibrugarh,Air Bus Travels,NON AC Seater / Sleeper 2+1,18:30,07h 30m,02:00,3.0,INR 600,45 Seats available
Gohpur to Guwahati,https://www.redbus.in/bus-tickets/gohpur-to-guwahati,Yatra Travels,NON AC Seater/ Sleeper (2+1),23:00,07h 00m,06:00,4.7,450,31 Seats available
Gohpur to Guwahati,https://www.redbus.in/bus-tickets/gohpur-to-guwahati,Maharathi Travels(UNDER ASTC),NON A/C Seater (2+1),22:10,07h 20m,05:30,4.1,400,22 Seats available
Gohpur to Guwahati,https://www.redbus.in/bus-tickets/gohpur-to-guwahati,Pranjit Travels (Under ASTC),A/C Seater / Sleeper (2+1),23:05,06h 55m,06:00,4.6,527,30 Seats available
Gohpur to Guwahati,https://www.redbus.in/bus-tickets/gohpur-to-guwahati,KIRAN TRAVELS,A/C Seater (2+1),22:50,08h 40m,07:30,4.3,500,17 Seats available
Gohpur to Guwahati,https://www.redbus.in/bus-tickets/gohpur-to-guwahati,Deep Travels,NON AC Seater / Sleeper 2+1,22:20,06h 40m,05:00,3.9,INR 499,36 Seats available
Gohpur to Guwahati,https://www.redbus.in/bus-tickets/gohpur-to-guwahati,PARIJAT TRAVELS(UNDER ASTC),NON A/C Seater (2+1),23:11,07h 19m,06:30,3.5,375,21 Seats available
Gohpur to Guwahati,https://www.redbus.in/bus-tickets/gohpur-to-guwahati,Laxmi Travels,Bharat Benz A/C Seater /Sleeper (2+1),22:45,07h 15m,06:00,3.6,500,30 Seats available
Gohpur to Guwahati,https://www.redbus.in/bus-tickets/gohpur-to-guwahati,Drishti Travels,NON A/C Seater (2+1),21:00,08h 00m,05:00,4.2,432,24 Seats available
Gohpur to Guwahati,https://www.redbus.in/bus-tickets/gohpur-to-guwahati,Pranjit Travels (Under ASTC),Non AC Seater (2+1),22:30,08h 00m,06:30,3.1,INR 570,25 Seats available
Gohpur to Guwahati,https://www.redbus.in/bus-tickets/gohpur-to-guwahati,Drishti Travels,NON A/C Seater (2+1),21:00,08h 30m,05:30,3.3,432,20 Seats available
Gohpur to Guwahati,https://www.redbus.in/bus-tickets/gohpur-to-guwahati,Pranjit Travels (Under ASTC),Bharat Benz A/C Seater (2+1),22:45,07h 30m,06:15,2.6,553,21 Seats available
Gohpur to Guwahati,https://www.redbus.in/bus-tickets/gohpur-to-guwahati,NORTH EAST TRAVELS(UNDER ASTC),NON A/C Seater (2+1),20:00,10h 00m,06:00,3.4,450,26 Seats available
Gohpur to Guwahati,https://www.redbus.in/bus-tickets/gohpur-to-guwahati,GURUNANAK TRAVELS,NON A/C Seater (2+1),21:00,08h 00m,05:00,4.0,INR 500,30 Seats available
Gohpur to Guwahati,https://www.redbus.in/bus-tickets/gohpur-to-guwahati,MAHARATHI TRANSPORT,NON A/C Semi Sleeper (2+1),21:30,08h 00m,05:30,3.9,375,21 Seats available
Gohpur to Guwahati,https://www.redbus.in/bus-tickets/gohpur-to-guwahati,DONYI POLO EXPRESS,NON A/C Seater (2+1),22:00,08h 30m,06:30,3.2,400,20 Seats available
Gohpur to Guwahati,https://www.redbus.in/bus-tickets/gohpur-to-guwahati,Island Travels (Under ASTC),Non AC Seater (2+1),22:45,07h 00m,05:45,3.8,450,27 Seats available
Gohpur to Guwahati,https://www.redbus.in/bus-tickets/gohpur-to-guwahati,Yatra Travels,NON A/C Seater (2+1),22:35,07h 40m,06:15,2.6,450,20 Seats available
Gohpur to Guwahati,https://www.redbus.in/bus-tickets/gohpur-to-guwahati,BLUE HILL TRAVELS INDIA LIMITED,NON A/C Seater Semi Sleeper (2+1),20:15,07h 30m,03:45,3.3,450,31 Seats available
Gohpur to Guwahati,https://www.redbus.in/bus-tickets/gohpur-to-guwahati,Pranjit Travels (Under ASTC),Non AC Seater (2+1),21:45,07h 45m,05:30,0,INR 570,30 Seats available
Gohpur to Guwahati,https://www.redbus.in/bus-tickets/gohpur-to-guwahati,Sylvan DEE Transport,Non AC Seater (2+1),21:05,07h 55m,05:00,0,INR 470,2 Seats available
North Lakhimpur to Guwahati,https://www.redbus.in/bus-tickets/north-lakhimpur-to-guwahati,Pranjit Travels (Under ASTC),Bharat Benz A/C Seater (2+1),21:00,09h 15m,06:15,4.1,638,18 Seats available
North Lakhimpur to Guwahati,https://www.redbus.in/bus-tickets/north-lakhimpur-to-guwahati,KIRAN TRAVELS,A/C Seater (2+1),21:20,10h 10m,07:30,4.3,600,15 Seats available
North Lakhimpur to Guwahati,https://www.redbus.in/bus-tickets/north-lakhimpur-to-guwahati,Pranjit Travels (Under ASTC),NON A/C Seater (2+1),20:45,09h 45m,06:30,4.0,553,23 Seats available
North Lakhimpur to Guwahati,https://www.redbus.in/bus-tickets/north-lakhimpur-to-guwahati,NETWORK TRAVELS,NON A/C Seater Push Back (2+1),20:30,08h 30m,05:00,4.7,550,24 Seats available
North Lakhimpur to Guwahati,https://www.redbus.in/bus-tickets/north-lakhimpur-to-guwahati,Yatra Travels,NON A/C Seater (2+1),20:40,09h 35m,06:15,4.1,550,20 Seats available
North Lakhimpur to Guwahati,https://www.redbus.in/bus-tickets/north-lakhimpur-to-guwahati,PARIJAT TRAVELS(UNDER ASTC),NON A/C Seater (2+1),20:56,09h 34m,06:30,3.8,475,21 Seats available
North Lakhimpur to Guwahati,https://www.redbus.in/bus-tickets/north-lakhimpur-to-guwahati,Island Travels (Under ASTC),Non AC Seater (2+1),20:15,09h 30m,05:45,4.0,500,28 Seats available
North Lakhimpur to Guwahati,https://www.redbus.in/bus-tickets/north-lakhimpur-to-guwahati,Drishti Travels,NON A/C Seater (2+1),18:30,11h 00m,05:30,3.4,540,32 Seats available
North Lakhimpur to Guwahati,https://www.redbus.in/bus-tickets/north-lakhimpur-to-guwahati,MAHARATHI TRANSPORT,NON A/C Semi Sleeper (2+1),19:30,10h 00m,05:30,3.1,475,21 Seats available
North Lakhimpur to Guwahati,https://www.redbus.in/bus-tickets/north-lakhimpur-to-guwahati,Maharathi Travels(UNDER ASTC),NON A/C Seater (2+1),20:20,09h 10m,05:30,3.7,500,22 Seats available
North Lakhimpur to Guwahati,https://www.redbus.in/bus-tickets/north-lakhimpur-to-guwahati,Laxmi Travels,Bharat Benz A/C Seater /Sleeper (2+1),20:40,09h 20m,06:00,2.7,600,32 Seats available
North Lakhimpur to Guwahati,https://www.redbus.in/bus-tickets/north-lakhimpur-to-guwahati,Deep Travels,NON AC Seater / Sleeper 2+1,19:30,09h 30m,05:00,3.8,INR 549,36 Seats available
North Lakhimpur to Guwahati,https://www.redbus.in/bus-tickets/north-lakhimpur-to-guwahati,GURUNANAK TRAVELS,NON A/C Seater (2+1),18:30,10h 30m,05:00,3.1,INR 600,30 Seats available
North Lakhimpur to Guwahati,https://www.redbus.in/bus-tickets/north-lakhimpur-to-guwahati,Jyotishman Travels (Under ASTC),A/C Seater (2+1),21:05,08h 55m,06:00,2.5,550,27 Seats available
North Lakhimpur to Guwahati,https://www.redbus.in/bus-tickets/north-lakhimpur-to-guwahati,NETWORK TRAVELS,NON A/C Seater (2+1),19:30,09h 30m,05:00,3.9,INR 650,23 Seats available
North Lakhimpur to Guwahati,https://www.redbus.in/bus-tickets/north-lakhimpur-to-guwahati,Pranjit Travels (Under ASTC),A/C Seater / Sleeper (2+1),21:15,08h 45m,06:00,3.9,595,22 Seats available
North Lakhimpur to Guwahati,https://www.redbus.in/bus-tickets/north-lakhimpur-to-guwahati,Sylvan DEE Transport,Non AC Seater (2+1),18:30,10h 30m,05:00,3.3,INR 590,2 Seats available
North Lakhimpur to Guwahati,https://www.redbus.in/bus-tickets/north-lakhimpur-to-guwahati,DESTINY TRAVELS,NON A/C Seater (2+1),20:20,09h 40m,06:00,1.9,564,35 Seats available
North Lakhimpur to Guwahati,https://www.redbus.in/bus-tickets/north-lakhimpur-to-guwahati,Swapna Super(Under ASTC),Non AC Seater (2+1),19:00,10h 00m,05:00,3.5,540,31 Seats available
North Lakhimpur to Guwahati,https://www.redbus.in/bus-tickets/north-lakhimpur-to-guwahati,Yatra Travels,NON AC Seater/ Sleeper (2+1),20:30,09h 30m,06:00,3.9,550,31 Seats available
North Lakhimpur to Guwahati,https://www.redbus.in/bus-tickets/north-lakhimpur-to-guwahati,DONYI POLO EXPRESS,NON A/C Seater (2+1),21:00,09h 30m,06:30,2.7,500,20 Seats available
North Lakhimpur to Guwahati,https://www.redbus.in/bus-tickets/north-lakhimpur-to-guwahati,Pranjit Travels (Under ASTC),NON A/C Seater (2+1),19:45,09h 45m,05:30,2.0,510,26 Seats available
North Lakhimpur to Guwahati,https://www.redbus.in/bus-tickets/north-lakhimpur-to-guwahati,Drishti Travels,NON A/C Seater (2+1),18:30,10h 30m,05:00,0,540,24 Seats available
Haflong to Guwahati,https://www.redbus.in/bus-tickets/haflong-to-guwahati,Deep Travels,Non AC Seater (2+1),17:45,10h 45m,04:30,4.0,INR 599,26 Seats available
Haflong to Guwahati,https://www.redbus.in/bus-tickets/haflong-to-guwahati,NETWORK TRAVELS,NON A/C Seater (2+1),18:00,10h 00m,04:00,4.4,600,24 Seats available
Tezpur to Moran,https://www.redbus.in/bus-tickets/tezpur-to-moran,PIHU TRANSPORT,Bharat Benz NON A/C Seater / Sleeper (2+1),19:45,07h 15m,03:00,2.6,INR 520,39 Seats available
Tezpur to Moran,https://www.redbus.in/bus-tickets/tezpur-to-moran,Neha Travels,NON A/C Seater (2+2),22:10,05h 20m,03:30,1.9,INR 650,30 Seats available
Tezpur to Moran,https://www.redbus.in/bus-tickets/tezpur-to-moran,Maa Laxmi,NON A/C Seater Push Back (2+1),22:15,06h 45m,05:00,1.8,INR 500,36 Seats available
Tezpur to Moran,https://www.redbus.in/bus-tickets/tezpur-to-moran,Neha Travels,NON A/C Seater (2+2),21:50,07h 40m,05:30,1.9,INR 650,35 Seats available
Moran to Tezpur,https://www.redbus.in/bus-tickets/moran-to-tezpur,Aniruddha Travels,NON A/C Seater/ Sleeper (2+1),20:45,07h 15m,04:00,2.7,INR 550,27 Seats available
Moran to Tezpur,https://www.redbus.in/bus-tickets/moran-to-tezpur,PIHU TRANSPORT,Bharat Benz NON A/C Seater / Sleeper (2+1),20:45,07h 45m,04:30,2.6,INR 520,44 Seats available
Moran to Tezpur,https://www.redbus.in/bus-tickets/moran-to-tezpur,Maa Laxmi,NON A/C Seater Push Back (2+1),18:30,06h 30m,01:00,2.9,INR 500,36 Seats available
Moran to Tezpur,https://www.redbus.in/bus-tickets/moran-to-tezpur,Neha Travels,NON A/C Sleeper (2+1),18:00,09h 15m,03:15,2.5,INR 650,35 Seats available
Moran to Tezpur,https://www.redbus.in/bus-tickets/moran-to-tezpur,Neha Travels,NON A/C Seater (2+2),18:30,10h 30m,05:00,2.5,INR 650,35 Seats available
Bokakhat to Dibrugarh,https://www.redbus.in/bus-tickets/bokakhat-to-dibrugarh,Aniruddha Travels,NON A/C Seater/ Sleeper (2+1),23:15,04h 45m,04:00,3.1,INR 550,31 Seats available
Bokakhat to Dibrugarh,https://www.redbus.in/bus-tickets/bokakhat-to-dibrugarh,PIHU TRANSPORT,Bharat Benz NON A/C Seater / Sleeper (2+1),23:30,04h 30m,04:00,2.6,INR 500,50 Seats available
North Lakhimpur to Nagaon (Assam),https://www.redbus.in/bus-tickets/north-lakhimpur-to-nagaon,Drishti Travels,NON A/C Seater (2+1),18:30,08h 30m,03:00,4.3,450,32 Seats available
North Lakhimpur to Nagaon (Assam),https://www.redbus.in/bus-tickets/north-lakhimpur-to-nagaon,GURUNANAK TRAVELS,NON A/C Seater (2+1),18:30,08h 30m,03:00,3.8,INR 600,32 Seats available
North Lakhimpur to Nagaon (Assam),https://www.redbus.in/bus-tickets/north-lakhimpur-to-nagaon,Drishti Travels,NON A/C Seater (2+1),18:30,08h 00m,02:30,4.3,450,24 Seats available
North Lakhimpur to Nagaon (Assam),https://www.redbus.in/bus-tickets/north-lakhimpur-to-nagaon,MAHARATHI TRANSPORT,NON A/C Semi Sleeper (2+1),19:30,07h 35m,03:05,3.9,425,28 Seats available
North Lakhimpur to Nagaon (Assam),https://www.redbus.in/bus-tickets/north-lakhimpur-to-nagaon,Maharathi Travels(UNDER ASTC),NON A/C Seater (2+1),20:20,07h 10m,03:30,4.3,480,34 Seats available
North Lakhimpur to Nagaon (Assam),https://www.redbus.in/bus-tickets/north-lakhimpur-to-nagaon,Yatra Travels,NON AC Seater/ Sleeper (2+1),20:30,08h 00m,04:30,4.5,450,31 Seats available
North Lakhimpur to Nagaon (Assam),https://www.redbus.in/bus-tickets/north-lakhimpur-to-nagaon,Yatra Travels,NON A/C Seater (2+1),20:40,06h 20m,03:00,3.8,450,20 Seats available
North Lakhimpur to Nagaon (Assam),https://www.redbus.in/bus-tickets/north-lakhimpur-to-nagaon,PARIJAT TRAVELS(UNDER ASTC),NON A/C Seater (2+1),20:56,06h 04m,03:00,3.9,425,21 Seats available
North Lakhimpur to Nagaon (Assam),https://www.redbus.in/bus-tickets/north-lakhimpur-to-nagaon,DESTINY TRAVELS,NON AC Seater / Sleeper 2+1,20:20,05h 10m,01:30,2.0,465,35 Seats available
North Lakhimpur to Nagaon (Assam),https://www.redbus.in/bus-tickets/north-lakhimpur-to-nagaon,DONYI POLO EXPRESS,Non AC Seater (2+1),20:55,06h 50m,03:45,2.9,550,25 Seats available
North Lakhimpur to Nagaon (Assam),https://www.redbus.in/bus-tickets/north-lakhimpur-to-nagaon,DONYI POLO EXPRESS,NON A/C Seater (2+1),21:00,06h 00m,03:00,0,500,28 Seats available
North Lakhimpur to Nagaon (Assam),https://www.redbus.in/bus-tickets/north-lakhimpur-to-nagaon,KIRAN TRAVELS,A/C Seater (2+1),21:20,07h 10m,04:30,0,580,16 Seats available
Guwahati to Golaghat,https://www.redbus.in/bus-tickets/guwahati-to-golaghat,Assam State Transport Corporation (ASTC) - 152993,A/C Seater (2+1),20:00,09h 30m,05:30,3.1,INR 448,24 Seats available
Guwahati to Golaghat,https://www.redbus.in/bus-tickets/guwahati-to-golaghat,NAMBOR TRANSPORT,Bharat Benz A/C Seater (2+1),21:00,07h 00m,04:00,4.2,INR 600,21 Seats available
Guwahati to Golaghat,https://www.redbus.in/bus-tickets/guwahati-to-golaghat,NAMBOR TRANSPORT,Bharat Benz A/C Seater (2+1),14:00,06h 45m,20:45,4.0,INR 600,16 Seats available
Guwahati to Golaghat,https://www.redbus.in/bus-tickets/guwahati-to-golaghat,RATNAGIRI TRANSPORT,Bharat Benz A/C Seater (2+1),14:10,06h 45m,20:55,4.2,555,15 Seats available
Guwahati to Golaghat,https://www.redbus.in/bus-tickets/guwahati-to-golaghat,RATNAGIRI TRANSPORT,Bharat Benz A/C Seater /Sleeper (2+1),21:31,06h 59m,04:30,4.4,INR 600,23 Seats available
Guwahati to Golaghat,https://www.redbus.in/bus-tickets/guwahati-to-golaghat,NAMBOR TRANSPORT,NON A/C Seater (2+1),20:30,06h 45m,03:15,3.5,INR 500,20 Seats available
Guwahati to Golaghat,https://www.redbus.in/bus-tickets/guwahati-to-golaghat,ZAMZAM TRAVELS,Bharat Benz A/C Seater (2+1),20:15,07h 05m,03:20,3.7,INR 550,37 Seats available
Guwahati to Golaghat,https://www.redbus.in/bus-tickets/guwahati-to-golaghat,ZAMZAM TRAVELS,A/C Seater (2+1),13:10,07h 20m,20:30,3.9,INR 550,33 Seats available
Dibrugarh to Biswanath Charali,https://www.redbus.in/bus-tickets/dibrugarh-to-biswanath-charali,Air Bus Travels,NON AC Seater / Sleeper 2+1,19:40,09h 20m,05:00,2.9,INR 600,40 Seats available
