State,Route_Name,Route_Link,Bus_Name,Bus_Type,Departing_Time,Duration,Reaching_Time,Star_Rating,Price,Seat_Availability
Kerala,Bangalore to Kozhikode,https://www.redbus.in/bus-tickets/bangalore-to-kozhikode,KSRTC (Kerala) - 51,Swift Deluxe Non AC Air Bus (2+2),19:04,09h 20m,04:24,4.2,INR 640,13 Seats available
Kerala,Bangalore to Kozhikode,https://www.redbus.in/bus-tickets/bangalore-to-kozhikode,KSRTC (Kerala) - 789,Super Fast Non AC Seater (2+3),20:00,08h 25m,04:25,3.4,INR 473,23 Seats available
Kerala,Bangalore to Kozhikode,https://www.redbus.in/bus-tickets/bangalore-to-kozhikode,KSRTC (Kerala) - 1585,Super Express Non AC Seater Air Bus (2+2),20:31,09h 05m,05:36,3.9,INR 640,26 Seats available
Kerala,Bangalore to Kozhikode,https://www.redbus.in/bus-tickets/bangalore-to-kozhikode,KSRTC (Kerala) - 1586,Super Express Non AC Seater Air Bus (2+2),21:31,09h 05m,06:36,3.6,INR 640,29 Seats available
Kerala,Bangalore to Kozhikode,https://www.redbus.in/bus-tickets/bangalore-to-kozhikode,KSRTC (Kerala) - 2133,Swift Deluxe Non AC Air Bus (2+2),22:12,09h 24m,07:36,4.3,INR 640,36 Seats available
Kerala,Bangalore to Kozhikode,https://www.redbus.in/bus-tickets/bangalore-to-kozhikode,KSRTC (Kerala) - 2063,SWIFT-GARUDA A/C SEATER BUS,22:32,09h 03m,07:35,3.9,INR 627,7 Seats available
Kerala,Bangalore to Kozhikode,https://www.redbus.in/bus-tickets/bangalore-to-kozhikode,KSRTC (Kerala) - 574,Super Express Non AC Seater Air Bus (2+2),23:00,10h 30m,09:30,3.2,INR 469,27 Seats available
Kerala,Bangalore to Kozhikode,https://www.redbus.in/bus-tickets/bangalore-to-kozhikode,KSRTC (Kerala) - 583,Super Express Non AC Seater Air Bus (2+2),23:30,10h 05m,09:35,3.5,INR 469,20 Seats available
Kerala,Bangalore to Kozhikode,https://www.redbus.in/bus-tickets/bangalore-to-kozhikode,KSRTC (Kerala) - 56,SWIFT-GARUDA A/C SEATER BUS,23:41,09h 24m,09:05,3.2,INR 627,26 Seats available
Kerala,Bangalore to Kozhikode,https://www.redbus.in/bus-tickets/bangalore-to-kozhikode,Kyros Connect,Bharat Benz A/C Semi Sleeper (2+2),23:00,10h 00m,09:00,4.3,INR 599,30 Seats available
Kerala,Bangalore to Kozhikode,https://www.redbus.in/bus-tickets/bangalore-to-kozhikode,MMK Travels,A/C Seater / Sleeper (2+1),22:30,09h 00m,07:30,4.4,INR 700,22 Seats available
Kerala,Bangalore to Kozhikode,https://www.redbus.in/bus-tickets/bangalore-to-kozhikode,DLT BUS,A/C Sleeper (2+1),22:30,09h 00m,07:30,4.0,809,18 Seats available
Kerala,Bangalore to Kozhikode,https://www.redbus.in/bus-tickets/bangalore-to-kozhikode,AdP K Travels,A/C Seater / Sleeper (2+1),21:30,08h 30m,06:00,4.4,INR 750,19 Seats available
Kerala,Bangalore to Kozhikode,https://www.redbus.in/bus-tickets/bangalore-to-kozhikode,SAAM BUS,VE A/C Sleeper (2+1),18:40,12h 05m,06:45,4.2,INR 800,18 Seats available
Kerala,Bangalore to Kozhikode,https://www.redbus.in/bus-tickets/bangalore-to-kozhikode,NS Transports,VE A/C Sleeper (2+1),22:45,08h 45m,07:30,4.1,878,13 Seats available
Kerala,Bangalore to Kozhikode,https://www.redbus.in/bus-tickets/bangalore-to-kozhikode,P K Travels,A/C Sleeper (2+1),18:45,11h 45m,06:30,4.1,INR 900,22 Seats available
Kerala,Bangalore to Kozhikode,https://www.redbus.in/bus-tickets/bangalore-to-kozhikode,AdFAST LINE BUS,A/C Sleeper (2+1),21:15,09h 00m,06:15,4.1,2429,34 Seats available
Kerala,Bangalore to Kozhikode,https://www.redbus.in/bus-tickets/bangalore-to-kozhikode,National travels and logistics,A/C Sleeper (2+1),22:45,08h 15m,07:00,4.2,749,15 Seats available
Kerala,Bangalore to Kozhikode,https://www.redbus.in/bus-tickets/bangalore-to-kozhikode,LEGEND HOLIDAYS,Bharat Benz A/C Semi Sleeper (2+2),21:20,08h 40m,06:00,4.7,INR 599,17 Seats available
Kerala,Bangalore to Kozhikode,https://www.redbus.in/bus-tickets/bangalore-to-kozhikode,NS Transports,Non A/C Seater / Sleeper (2+1),21:45,08h 25m,06:10,4.1,601,13 Seats available
Kerala,Bangalore to Kozhikode,https://www.redbus.in/bus-tickets/bangalore-to-kozhikode,Silver Line Travels,NON A/C Semi Sleeper (2+2),22:00,08h 10m,06:10,4.3,INR 599,32 Seats available
Kerala,Bangalore to Kozhikode,https://www.redbus.in/bus-tickets/bangalore-to-kozhikode,NS Transports,Non A/C Seater / Sleeper (2+1),22:15,08h 15m,06:30,4.0,601,9 Seats available
Kerala,Bangalore to Kozhikode,https://www.redbus.in/bus-tickets/bangalore-to-kozhikode,National travels and logistics,NON A/C Sleeper (2+1),22:30,07h 45m,06:15,3.6,590,15 Seats available
Kerala,Bangalore to Kozhikode,https://www.redbus.in/bus-tickets/bangalore-to-kozhikode,SURAJ TRAVEL HOUSE,VE A/C Seater / Sleeper (2+1),21:00,10h 30m,07:30,3.5,599,26 Seats available
Kerala,Bangalore to Kozhikode,https://www.redbus.in/bus-tickets/bangalore-to-kozhikode,Suraj Holidays,VE A/C Sleeper (2+1),22:30,09h 00m,07:30,3.9,810,21 Seats available
Kerala,Bangalore to Kozhikode,https://www.redbus.in/bus-tickets/bangalore-to-kozhikode,SKS Tours & Travels,A/C Sleeper (2+1),21:15,08h 30m,05:45,4.3,INR 899,21 Seats available
Kerala,Bangalore to Kozhikode,https://www.redbus.in/bus-tickets/bangalore-to-kozhikode,DA Transports,A/C Sleeper (2+1),21:45,09h 15m,07:00,4.0,INR 700,23 Seats available
Kerala,Bangalore to Kozhikode,https://www.redbus.in/bus-tickets/bangalore-to-kozhikode,Suraj Holidays,NON AC Seater / Sleeper 2+1,20:30,09h 30m,06:00,3.5,630,20 Seats available
Kerala,Bangalore to Kozhikode,https://www.redbus.in/bus-tickets/bangalore-to-kozhikode,Kallada Travels (Suresh Kallada),A/C Sleeper (2+1),22:00,09h 05m,07:05,3.4,INR 800,19 Seats available
Kerala,Bangalore to Kozhikode,https://www.redbus.in/bus-tickets/bangalore-to-kozhikode,SKS Tourist Corporation (REGD),A/C Sleeper (2+1),21:00,08h 30m,05:30,3.7,INR 899,25 Seats available
Kerala,Bangalore to Kozhikode,https://www.redbus.in/bus-tickets/bangalore-to-kozhikode,MMK Travels,A/C Sleeper (2+1),22:10,08h 30m,06:40,3.8,INR 800,13 Seats available
Kerala,Bangalore to Kozhikode,https://www.redbus.in/bus-tickets/bangalore-to-kozhikode,P K Travels,Non A/C Seater / Sleeper (2+1),18:45,10h 30m,05:15,3.8,INR 700,28 Seats available
Kerala,Bangalore to Kozhikode,https://www.redbus.in/bus-tickets/bangalore-to-kozhikode,Vijay Lines,A/C Seater / Sleeper (2+1),22:20,08h 40m,07:00,2.1,899,40 Seats available
Kerala,Bangalore to Kozhikode,https://www.redbus.in/bus-tickets/bangalore-to-kozhikode,A1 Travels,A/C Seater / Sleeper (2+1),21:45,09h 15m,07:00,2.7,INR 550,28 Seats available
Kerala,Bangalore to Kozhikode,https://www.redbus.in/bus-tickets/bangalore-to-kozhikode,A1 Travels,Non A/C Seater / Sleeper (2+1),21:00,09h 45m,06:45,2.6,INR 500,23 Seats available
Kerala,Bangalore to Kozhikode,https://www.redbus.in/bus-tickets/bangalore-to-kozhikode,A1 Travels,A/C Seater / Sleeper (2+1),22:30,08h 00m,06:30,2.6,INR 550,28 Seats available
Kerala,Bangalore to Kozhikode,https://www.redbus.in/bus-tickets/bangalore-to-kozhikode,Kalpaka Travels,NON A/C Semi Sleeper (2+2),22:00,08h 30m,06:30,2.9,INR 600,24 Seats available
Kerala,Bangalore to Kozhikode,https://www.redbus.in/bus-tickets/bangalore-to-kozhikode,Vijay Lines,A/C Seater / Sleeper (2+1),20:45,10h 45m,07:30,2.4,4500,40 Seats available
Kerala,Bangalore to Kozhikode,https://www.redbus.in/bus-tickets/bangalore-to-kozhikode,Balaji Tourist,Volvo Multi-Axle A/C Semisleeper (2+2),22:00,08h 30m,06:30,1.9,INR 1500,8 Seats available
Kerala,Kozhikode to Bangalore,https://www.redbus.in/bus-tickets/kozhikode-to-bangalore,KSRTC (Kerala) - 72,SWIFT-GARUDA A/C SEATER BUS,19:00,08h 35m,03:35,3.5,INR 1037,5 Seats available
Kerala,Kozhikode to Bangalore,https://www.redbus.in/bus-tickets/kozhikode-to-bangalore,DLT BUS,A/C Sleeper (2+1),21:45,08h 45m,06:30,4.4,INR 1899,6 Seats available
Kerala,Kozhikode to Bangalore,https://www.redbus.in/bus-tickets/kozhikode-to-bangalore,FAST LINE BUS,A/C Sleeper (2+1),21:15,09h 00m,06:15,4.8,2429,33 Seats available
Kerala,Kozhikode to Bangalore,https://www.redbus.in/bus-tickets/kozhikode-to-bangalore,P K Travels,A/C Sleeper (2+1),20:00,10h 00m,06:00,4.2,990,2 Seats available
Kerala,Kozhikode to Bangalore,https://www.redbus.in/bus-tickets/kozhikode-to-bangalore,NS Transports,VE A/C Sleeper (2+1),21:15,09h 15m,06:30,4.2,1049,1 Seat available
Kerala,Kozhikode to Bangalore,https://www.redbus.in/bus-tickets/kozhikode-to-bangalore,Sam Tourist,NON AC Seater / Sleeper 2+1,21:00,09h 30m,06:30,3.7,949,2 Seats available
Kerala,Kozhikode to Bangalore,https://www.redbus.in/bus-tickets/kozhikode-to-bangalore,DA Transports,A/C Sleeper (2+1),22:01,09h 44m,07:45,3.7,INR 1049,2 Seats available
Kerala,Kozhikode to Bangalore,https://www.redbus.in/bus-tickets/kozhikode-to-bangalore,Suraj Holidays,NON AC Seater / Sleeper 2+1,20:15,09h 40m,05:55,3.2,INR 900,1 Seat available
Kerala,Kozhikode to Bangalore,https://www.redbus.in/bus-tickets/kozhikode-to-bangalore,CHANCHALAS TOURS AND TRAVELS,A/C Semi Sleeper (2+2),19:00,09h 45m,04:45,3.6,3799,1 Seat available
Kerala,Kozhikode to Ernakulam,https://www.redbus.in/bus-tickets/kozhikode-to-ernakulam,KSRTC (Kerala) - 564,Super Express Non AC Seater Air Bus (2+2),20:12,04h 39m,00:51,3.5,INR 309,3 Seats available
Kerala,Kozhikode to Ernakulam,https://www.redbus.in/bus-tickets/kozhikode-to-ernakulam,KSRTC (Kerala) - 2393,Low Floor AC Seater 2+2,20:30,05h 14m,01:44,3.0,INR 383,2 Seats available
Kerala,Kozhikode to Ernakulam,https://www.redbus.in/bus-tickets/kozhikode-to-ernakulam,KSRTC (Kerala) - 827,Super Fast Non AC Seater (2+3),21:00,05h 35m,02:35,4.5,INR 269,15 Seats available
Kerala,Kozhikode to Ernakulam,https://www.redbus.in/bus-tickets/kozhikode-to-ernakulam,KSRTC (Kerala) - 2954,Super Express Non AC Seater Air Bus (2+2),21:25,05h 10m,02:35,3.0,INR 309,1 Seat available
Kerala,Kozhikode to Ernakulam,https://www.redbus.in/bus-tickets/kozhikode-to-ernakulam,KSRTC (Kerala) - 666,Super Fast Non AC Seater (2+3),22:25,05h 54m,04:19,4.3,INR 269,29 Seats available
Kerala,Kozhikode to Ernakulam,https://www.redbus.in/bus-tickets/kozhikode-to-ernakulam,KSRTC (Kerala) - 1841,Low Floor AC Seater 2+2,22:30,05h 10m,03:40,2.9,INR 383,3 Seats available
Kerala,Kozhikode to Ernakulam,https://www.redbus.in/bus-tickets/kozhikode-to-ernakulam,KSRTC (Kerala) - 1704,Super Fast Non AC Seater (2+3),22:40,05h 10m,03:50,3.0,INR 255,20 Seats available
Kerala,Kozhikode to Ernakulam,https://www.redbus.in/bus-tickets/kozhikode-to-ernakulam,KSRTC (Kerala) - 279,Super Fast Non AC Seater (2+3),23:05,05h 35m,04:40,3.2,INR 269,18 Seats available
Kerala,Kozhikode to Ernakulam,https://www.redbus.in/bus-tickets/kozhikode-to-ernakulam,A1 Travels,A/C Seater / Sleeper (2+1),20:05,03h 54m,23:59,3.7,INR 700,2 Seats available
Kerala,Kozhikode to Ernakulam,https://www.redbus.in/bus-tickets/kozhikode-to-ernakulam,A1 Travels,NON A/C Semi Sleeper (2+2),21:00,04h 30m,01:30,3.8,INR 450,17 Seats available
Kerala,Kozhikode to Ernakulam,https://www.redbus.in/bus-tickets/kozhikode-to-ernakulam,A1 Travels,Bharat Benz A/C Seater /Sleeper (2+1),22:30,02h 59m,01:29,3.6,INR 800,3 Seats available
Kerala,Kozhikode to Ernakulam,https://www.redbus.in/bus-tickets/kozhikode-to-ernakulam,EMERALD TRAVELS,Bharat Benz A/C Seater (2+2),23:00,03h 30m,02:30,3.1,INR 700,32 Seats available
Kerala,Kozhikode to Ernakulam,https://www.redbus.in/bus-tickets/kozhikode-to-ernakulam,LIYAS TOURS,Bharat Benz A/C Sleeper (2+1),23:05,04h 10m,03:15,3.8,899,5 Seats available
Kerala,Kozhikode to Ernakulam,https://www.redbus.in/bus-tickets/kozhikode-to-ernakulam,Sonia Travels,A/C Seater/Sleeper (2+1),23:30,04h 59m,04:29,4.2,INR 790,8 Seats available
Kerala,Kozhikode to Ernakulam,https://www.redbus.in/bus-tickets/kozhikode-to-ernakulam,UFO Bus,Volvo A/C Semi Sleeper (2+2),00:20,05h 10m,05:30,3.8,585,11 Seats available
Kerala,Kozhikode to Ernakulam,https://www.redbus.in/bus-tickets/kozhikode-to-ernakulam,Madhavi Travels,Volvo Multi-Axle I-Shift B11R Semi Sleeper (2+2),23:30,03h 05m,02:35,4.1,INR 799,11 Seats available
Kerala,Kozhikode to Ernakulam,https://www.redbus.in/bus-tickets/kozhikode-to-ernakulam,Madhavi Travels,A/C Sleeper (2+1),23:30,05h 30m,05:00,4.0,INR 899,6 Seats available
Kerala,Kozhikode to Ernakulam,https://www.redbus.in/bus-tickets/kozhikode-to-ernakulam,Madhavi Travels,Volvo Multi-Axle I-Shift B11R Semi Sleeper (2+2),23:30,03h 40m,03:10,4.0,INR 799,36 Seats available
Kerala,Kozhikode to Ernakulam,https://www.redbus.in/bus-tickets/kozhikode-to-ernakulam,UFO Bus,Volvo Multi-Axle B9R A/c Semi Sleeper (2+2),23:55,05h 35m,05:30,4.0,648,10 Seats available
Kerala,Kozhikode to Ernakulam,https://www.redbus.in/bus-tickets/kozhikode-to-ernakulam,Madhavi Travels,A/C Semi Sleeper (2+2),23:30,03h 05m,02:35,4.0,INR 699,14 Seats available
Kerala,Kozhikode to Ernakulam,https://www.redbus.in/bus-tickets/kozhikode-to-ernakulam,Holy Maria Travels,A/C Semi Sleeper (2+2),23:30,04h 30m,04:00,3.5,INR 700,21 Seats available
Kerala,Kozhikode to Ernakulam,https://www.redbus.in/bus-tickets/kozhikode-to-ernakulam,Sonia Travels,A/C Semi Sleeper (2+2),23:45,04h 45m,04:30,4.2,INR 700,4 Seats available
Kerala,Kozhikode to Ernakulam,https://www.redbus.in/bus-tickets/kozhikode-to-ernakulam,UFO Bus,A/C Sleeper (2+1),23:55,05h 35m,05:30,3.7,765,5 Seats available
Kerala,Kozhikode to Ernakulam,https://www.redbus.in/bus-tickets/kozhikode-to-ernakulam,SG Travels,Bharat Benz A/C Sleeper (2+1),23:59,05h 56m,05:55,4.7,INR 800,9 Seats available
Kerala,Kozhikode to Ernakulam,https://www.redbus.in/bus-tickets/kozhikode-to-ernakulam,Kalpaka Travels 1,A/C Sleeper (2+1),23:59,06h 01m,06:00,4.2,INR 800,5 Seats available
Kerala,Kozhikode to Ernakulam,https://www.redbus.in/bus-tickets/kozhikode-to-ernakulam,Arya Travels,A/C Sleeper (2+1),23:59,05h 31m,05:30,3.0,INR 895,13 Seats available
Kerala,Kozhikode to Ernakulam,https://www.redbus.in/bus-tickets/kozhikode-to-ernakulam,EMERALD TRAVELS,Volvo A/C Seater (2+2),23:59,06h 06m,06:05,3.1,INR 600,33 Seats available
Kerala,Kozhikode to Ernakulam,https://www.redbus.in/bus-tickets/kozhikode-to-ernakulam,Cochin Express,Volvo Multi-Axle B9R A/c Semi Sleeper (2+2),23:59,05h 51m,05:50,4.3,INR 700,1 Seat available
Kerala,Kozhikode to Ernakulam,https://www.redbus.in/bus-tickets/kozhikode-to-ernakulam,Galaxy Tours,2+1 Air Suspension A/C Seater / Sleeper,21:45,04h 15m,02:00,2.6,INR 650,1 Seat available
Kerala,Kozhikode to Ernakulam,https://www.redbus.in/bus-tickets/kozhikode-to-ernakulam,Galaxy Tours,A/C Semi Sleeper (2+2),21:45,04h 16m,02:01,2.6,INR 700,23 Seats available
Kerala,Kozhikode to Ernakulam,https://www.redbus.in/bus-tickets/kozhikode-to-ernakulam,EMERALD TRAVELS,Bharat Benz A/C Semi Sleeper (2+2),22:10,04h 30m,02:40,2.7,INR 700,16 Seats available
Kerala,Kozhikode to Ernakulam,https://www.redbus.in/bus-tickets/kozhikode-to-ernakulam,A1 Travels,Bharat Benz A/C Seater /Sleeper (2+1),22:15,03h 30m,01:45,2.9,INR 800,10 Seats available
Kerala,Kozhikode to Ernakulam,https://www.redbus.in/bus-tickets/kozhikode-to-ernakulam,Kallada Travels (Suresh Kallada),A/C Sleeper (2+1),23:15,03h 55m,03:10,1.8,INR 850,23 Seats available
Kerala,Kozhikode to Ernakulam,https://www.redbus.in/bus-tickets/kozhikode-to-ernakulam,Kalpaka Travels 1,A/C Semi Sleeper (2+2),23:59,05h 01m,05:00,2.4,INR 600,3 Seats available
Kerala,Kozhikode to Ernakulam,https://www.redbus.in/bus-tickets/kozhikode-to-ernakulam,A1 Travels,Bharat Benz A/C Sleeper (2+1),23:30,03h 45m,03:15,5.0,INR 1100,6 Seats available
Kerala,Kozhikode to Ernakulam,https://www.redbus.in/bus-tickets/kozhikode-to-ernakulam,Cochin Express,A/C Sleeper (2+1),23:59,05h 46m,05:45,4.5,INR 1000,1 Seat available
Kerala,Kozhikode to Ernakulam,https://www.redbus.in/bus-tickets/kozhikode-to-ernakulam,Cochin Express,Volvo Multi-Axle Sleeper A/C (2+1),23:59,05h 31m,05:30,4.4,INR 1000,12 Seats available
Kerala,Kozhikode to Ernakulam,https://www.redbus.in/bus-tickets/kozhikode-to-ernakulam,BLM Transports,A/C Sleeper (2+1),22:00,04h 45m,02:45,2.8,1121,5 Seats available
Kerala,Ernakulam to Kozhikode,https://www.redbus.in/bus-tickets/ernakulam-to-kozhikode,KSRTC (Kerala) - 2517,Swift Deluxe Non AC Air Bus (2+2),18:36,04h 40m,23:16,1.7,INR 401,27 Seats available
Kerala,Ernakulam to Kozhikode,https://www.redbus.in/bus-tickets/ernakulam-to-kozhikode,KSRTC (Kerala) - 3095,Super Express Non AC Seater Air Bus (2+2),20:01,05h 45m,01:46,2.7,INR 293,35 Seats available
Kerala,Ernakulam to Kozhikode,https://www.redbus.in/bus-tickets/ernakulam-to-kozhikode,KSRTC (Kerala) - 2131,Super Express Non AC Seater Air Bus (2+2),20:29,05h 21m,01:50,2.7,INR 288,15 Seats available
Kerala,Ernakulam to Kozhikode,https://www.redbus.in/bus-tickets/ernakulam-to-kozhikode,KSRTC (Kerala) - 915,Super Fast Non AC Seater (2+3),21:35,05h 35m,03:10,2.7,INR 261,24 Seats available
Kerala,Ernakulam to Kozhikode,https://www.redbus.in/bus-tickets/ernakulam-to-kozhikode,KSRTC (Kerala) - 352,Super Fast Non AC Seater (2+3),21:46,05h 24m,03:10,4.2,INR 269,41 Seats available
Kerala,Ernakulam to Kozhikode,https://www.redbus.in/bus-tickets/ernakulam-to-kozhikode,KSRTC (Kerala) - 2071,Super Express Non AC Seater Air Bus (2+2),22:10,04h 20m,02:30,3.7,INR 268,20 Seats available
Kerala,Ernakulam to Kozhikode,https://www.redbus.in/bus-tickets/ernakulam-to-kozhikode,KSRTC (Kerala) - 1028,Super Fast Non AC Seater (2+3),22:10,05h 20m,03:30,2.7,INR 269,19 Seats available
Kerala,Ernakulam to Kozhikode,https://www.redbus.in/bus-tickets/ernakulam-to-kozhikode,KSRTC (Kerala) - 43,Swift Deluxe Non AC Air Bus (2+2),22:15,05h 06m,03:21,2.9,INR 309,3 Seats available
Kerala,Ernakulam to Kozhikode,https://www.redbus.in/bus-tickets/ernakulam-to-kozhikode,KSRTC (Kerala) - 408,Super Express Non AC Seater Air Bus (2+2),22:30,04h 15m,02:45,2.7,INR 299,12 Seats available
Kerala,Ernakulam to Kozhikode,https://www.redbus.in/bus-tickets/ernakulam-to-kozhikode,KSRTC (Kerala) - 697,Super Fast Non AC Seater (2+3),22:34,05h 01m,03:35,3.6,INR 231,40 Seats available
Kerala,Ernakulam to Kozhikode,https://www.redbus.in/bus-tickets/ernakulam-to-kozhikode,KSRTC (Kerala) - 368,AC MULTI AXLE,22:50,04h 15m,03:05,2.4,INR 750,26 Seats available
Kerala,Ernakulam to Kozhikode,https://www.redbus.in/bus-tickets/ernakulam-to-kozhikode,KSRTC (Kerala) - 47,Swift Deluxe Non AC Air Bus (2+2),22:55,04h 57m,03:52,3.1,INR 309,10 Seats available
Kerala,Ernakulam to Kozhikode,https://www.redbus.in/bus-tickets/ernakulam-to-kozhikode,KSRTC (Kerala) - 1845,Low Floor AC Seater 2+2,23:04,05h 06m,04:10,2.7,INR 383,17 Seats available
Kerala,Ernakulam to Kozhikode,https://www.redbus.in/bus-tickets/ernakulam-to-kozhikode,Kalpaka Travels 1,A/C Sleeper (2+1),20:55,05h 35m,02:30,5.0,INR 800,17 Seats available
Kerala,Ernakulam to Kozhikode,https://www.redbus.in/bus-tickets/ernakulam-to-kozhikode,Jacobs Travels,A/C Semi Sleeper (2+2),21:00,05h 30m,02:30,3.1,INR 700,17 Seats available
Kerala,Ernakulam to Kozhikode,https://www.redbus.in/bus-tickets/ernakulam-to-kozhikode,Adrin Travels,A/C Seater/Sleeper (2+1),21:00,05h 00m,02:00,4.6,INR 800,15 Seats available
Kerala,Ernakulam to Kozhikode,https://www.redbus.in/bus-tickets/ernakulam-to-kozhikode,Sheraton Tours and Travels,A/C Seater/Sleeper (2+1),21:00,04h 45m,01:45,5.0,480,11 Seats available
Kerala,Ernakulam to Kozhikode,https://www.redbus.in/bus-tickets/ernakulam-to-kozhikode,Sonia Travels,A/C Semi Sleeper (2+2),21:00,05h 20m,02:20,3.7,INR 620,24 Seats available
Kerala,Ernakulam to Kozhikode,https://www.redbus.in/bus-tickets/ernakulam-to-kozhikode,Cochin Express,Volvo Multi-Axle B9R A/c Semi Sleeper (2+2),21:15,05h 05m,02:20,4.4,INR 667,29 Seats available
Kerala,Ernakulam to Kozhikode,https://www.redbus.in/bus-tickets/ernakulam-to-kozhikode,Cochin Express,A/C Sleeper (2+1),21:15,05h 15m,02:30,4.4,INR 950,1 Seat available
Kerala,Ernakulam to Kozhikode,https://www.redbus.in/bus-tickets/ernakulam-to-kozhikode,UFO Bus,A/C Sleeper (2+1),21:15,05h 30m,02:45,3.7,755,9 Seats available
Kerala,Ernakulam to Kozhikode,https://www.redbus.in/bus-tickets/ernakulam-to-kozhikode,Murahara Travels,Volvo Multi-Axle I-Shift B11R Semi Sleeper (2+2),21:25,05h 35m,03:00,4.2,760,20 Seats available
Kerala,Ernakulam to Kozhikode,https://www.redbus.in/bus-tickets/ernakulam-to-kozhikode,UFO Bus,A/C Sleeper (2+1),21:40,05h 05m,02:45,3.7,855,30 Seats available
Kerala,Ernakulam to Kozhikode,https://www.redbus.in/bus-tickets/ernakulam-to-kozhikode,Madhavi Travels,A/C Semi Sleeper (2+2),21:30,04h 45m,02:15,4.0,INR 549,28 Seats available
Kerala,Ernakulam to Kozhikode,https://www.redbus.in/bus-tickets/ernakulam-to-kozhikode,Agney Travels,VE A/C Seater / Sleeper (2+1),21:40,05h 00m,02:40,3.0,599,30 Seats available
Kerala,Ernakulam to Kozhikode,https://www.redbus.in/bus-tickets/ernakulam-to-kozhikode,UFO Bus,Volvo Multi-Axle B9R A/c Semi Sleeper (2+2),21:30,05h 15m,02:45,4.4,648,18 Seats available
Kerala,Ernakulam to Kozhikode,https://www.redbus.in/bus-tickets/ernakulam-to-kozhikode,Madhavi Travels,A/C Sleeper (2+1),21:40,05h 20m,03:00,4.1,INR 799,16 Seats available
Kerala,Ernakulam to Kozhikode,https://www.redbus.in/bus-tickets/ernakulam-to-kozhikode,Madhavi Travels,A/C Sleeper (2+1),21:40,04h 25m,02:05,4.1,INR 799,22 Seats available
Kerala,Ernakulam to Kozhikode,https://www.redbus.in/bus-tickets/ernakulam-to-kozhikode,Arya Travels,A/C Sleeper (2+1),21:45,05h 30m,03:15,3.2,INR 795,8 Seats available
Kerala,Ernakulam to Kozhikode,https://www.redbus.in/bus-tickets/ernakulam-to-kozhikode,SG Travels,Bharat Benz A/C Sleeper (2+1),21:45,04h 45m,02:30,4.7,INR 800,30 Seats available
Kerala,Ernakulam to Kozhikode,https://www.redbus.in/bus-tickets/ernakulam-to-kozhikode,Arya Travels,A/C Sleeper (2+1),21:45,05h 30m,03:15,3.2,INR 695,8 Seats available
Kerala,Ernakulam to Kozhikode,https://www.redbus.in/bus-tickets/ernakulam-to-kozhikode,Sonia Travels,A/C Seater/Sleeper (2+1),21:50,04h 39m,02:29,3.7,INR 740,19 Seats available
Kerala,Ernakulam to Kozhikode,https://www.redbus.in/bus-tickets/ernakulam-to-kozhikode,Arya Travels,A/C Semi Sleeper (2+2),21:50,05h 40m,03:30,3.2,INR 499,25 Seats available
Kerala,Ernakulam to Kozhikode,https://www.redbus.in/bus-tickets/ernakulam-to-kozhikode,Kalpaka Travels 1,A/C Semi Sleeper (2+2),22:00,05h 00m,03:00,4.4,INR 600,23 Seats available
Kerala,Ernakulam to Kozhikode,https://www.redbus.in/bus-tickets/ernakulam-to-kozhikode,Arya Travels,Volvo A/C Semi Sleeper (2+2),22:00,05h 30m,03:30,3.2,INR 545,27 Seats available
Kerala,Ernakulam to Kozhikode,https://www.redbus.in/bus-tickets/ernakulam-to-kozhikode,Greenline kerala,A/C Seater Push Back (2+2),22:00,04h 45m,02:45,3.4,INR 550,17 Seats available
Kerala,Ernakulam to Kozhikode,https://www.redbus.in/bus-tickets/ernakulam-to-kozhikode,Madhavi Travels,A/C Semi Sleeper (2+2),22:10,05h 25m,03:35,3.3,INR 499,16 Seats available
Kerala,Ernakulam to Kozhikode,https://www.redbus.in/bus-tickets/ernakulam-to-kozhikode,Madhavi Travels,A/C Semi Sleeper (2+2),22:10,05h 25m,03:35,3.9,INR 599,32 Seats available
Kerala,Ernakulam to Kozhikode,https://www.redbus.in/bus-tickets/ernakulam-to-kozhikode,LIYAS TOURS,Bharat Benz A/C Sleeper (2+1),22:40,05h 00m,03:40,3.7,949,10 Seats available
Kerala,Ernakulam to Kozhikode,https://www.redbus.in/bus-tickets/ernakulam-to-kozhikode,Madhavi Travels,A/C Semi Sleeper (2+2),23:59,04h 51m,04:50,4.1,759,22 Seats available
Kerala,Ernakulam to Kozhikode,https://www.redbus.in/bus-tickets/ernakulam-to-kozhikode,Madhavi Travels,Volvo Multi-Axle I-Shift B11R Semi Sleeper (2+2),23:59,04h 51m,04:50,4.5,949,21 Seats available
Kerala,Ernakulam to Kozhikode,https://www.redbus.in/bus-tickets/ernakulam-to-kozhikode,A1 Travels,Bharat Benz A/C Seater /Sleeper (2+1),23:59,05h 31m,05:30,3.6,INR 700,17 Seats available
Kerala,Ernakulam to Kozhikode,https://www.redbus.in/bus-tickets/ernakulam-to-kozhikode,Blue Bird Travels,A/C Seater Push Back (2+2),21:50,05h 00m,02:50,2.2,INR 599,12 Seats available
Kerala,Ernakulam to Kozhikode,https://www.redbus.in/bus-tickets/ernakulam-to-kozhikode,Kallada Travels (Suresh Kallada),A/C Sleeper (2+1),22:10,05h 41m,03:51,2.1,INR 950,28 Seats available
Kerala,Ernakulam to Kozhikode,https://www.redbus.in/bus-tickets/ernakulam-to-kozhikode,EMERALD TRAVELS,A/C Semi Sleeper (2+2),22:30,05h 45m,04:15,2.8,INR 600,26 Seats available
Kerala,Ernakulam to Kozhikode,https://www.redbus.in/bus-tickets/ernakulam-to-kozhikode,Kallada Travels (Suresh Kallada),A/C Sleeper (2+1),23:58,04h 32m,04:30,2.1,INR 900,21 Seats available
Kerala,Ernakulam to Kozhikode,https://www.redbus.in/bus-tickets/ernakulam-to-kozhikode,A1 Travels,Bharat Benz A/C Seater /Sleeper (2+1),23:59,05h 01m,05:00,2.6,INR 700,30 Seats available
Kerala,Ernakulam to Kozhikode,https://www.redbus.in/bus-tickets/ernakulam-to-kozhikode,EMERALD TRAVELS,Bharat Benz A/C Seater (2+2),00:30,04h 55m,05:25,2.8,INR 600,28 Seats available
Kerala,Ernakulam to Kozhikode,https://www.redbus.in/bus-tickets/ernakulam-to-kozhikode,Galaxy Tours,2+1 Air Suspension A/C Seater / Sleeper,01:15,04h 45m,06:00,1.7,INR 600,34 Seats available
Kerala,Ernakulam to Kozhikode,https://www.redbus.in/bus-tickets/ernakulam-to-kozhikode,Galaxy Tours,A/C Semi Sleeper (2+2),01:15,04h 45m,06:00,1.5,INR 600,27 Seats available
Kerala,Ernakulam to Kozhikode,https://www.redbus.in/bus-tickets/ernakulam-to-kozhikode,Galaxy Tours,Bharat Benz A/C Semi Sleeper (2+2),01:15,04h 45m,06:00,1.8,INR 700,35 Seats available
Kerala,Ernakulam to Kozhikode,https://www.redbus.in/bus-tickets/ernakulam-to-kozhikode,Ubc travels,A/C Seater/Sleeper (2+1),20:45,06h 15m,03:00,3.6,INR 1300,1 Seat available
Kerala,Ernakulam to Kozhikode,https://www.redbus.in/bus-tickets/ernakulam-to-kozhikode,Madhavi Travels,A/C Sleeper (2+1),23:59,04h 31m,04:30,3.9,1424,19 Seats available
Kerala,Ernakulam to Kozhikode,https://www.redbus.in/bus-tickets/ernakulam-to-kozhikode,Kudla Travels ( ST MARIA ),A/C Sleeper (2+1),21:00,02h 59m,23:59,2.8,INR 999,19 Seats available
Kerala,Ernakulam to Kozhikode,https://www.redbus.in/bus-tickets/ernakulam-to-kozhikode,AURA CONNECT,A/C Sleeper (2+1),21:35,04h 45m,02:20,2.5,1899,30 Seats available
Kerala,Ernakulam to Kozhikode,https://www.redbus.in/bus-tickets/ernakulam-to-kozhikode,EMERALD TRAVELS,A/C Sleeper (2+1),23:30,05h 00m,04:30,2.8,INR 1000,17 Seats available
Kerala,Ernakulam to Kozhikode,https://www.redbus.in/bus-tickets/ernakulam-to-kozhikode,A1 Travels,Bharat Benz A/C Sleeper (2+1),23:45,04h 15m,04:00,2.0,INR 1000,13 Seats available
Kerala,Bangalore to Kannur,https://www.redbus.in/bus-tickets/bangalore-to-kannur,KSRTC (Kerala) - 136,Swift Deluxe Non AC Air Bus (2+2),20:30,07h 55m,04:25,3.3,INR 568,19 Seats available
Kerala,Bangalore to Kannur,https://www.redbus.in/bus-tickets/bangalore-to-kannur,KSRTC (Kerala) - 101,Swift Deluxe Non AC Air Bus (2+2),21:16,07h 30m,04:46,4.3,INR 548,16 Seats available
Kerala,Bangalore to Kannur,https://www.redbus.in/bus-tickets/bangalore-to-kannur,KSRTC (Kerala) - 98,Swift Deluxe Non AC Air Bus (2+2),21:30,08h 15m,05:45,3.8,INR 579,17 Seats available
Kerala,Bangalore to Kannur,https://www.redbus.in/bus-tickets/bangalore-to-kannur,KSRTC (Kerala) - 1767,Super Express Non AC Seater Air Bus (2+2),23:01,07h 45m,06:46,3.6,INR 568,17 Seats available
Kerala,Bangalore to Kannur,https://www.redbus.in/bus-tickets/bangalore-to-kannur,GOLDEN TRAVEL AGENCIES,Volvo A/C Semi Sleeper (2+2),22:45,06h 00m,04:45,4.5,INR 949,21 Seats available
Kerala,Bangalore to Kannur,https://www.redbus.in/bus-tickets/bangalore-to-kannur,P K Travels,NON A/C Semi Sleeper (2+2),21:45,07h 15m,05:00,4.0,585,19 Seats available
Kerala,Bangalore to Kannur,https://www.redbus.in/bus-tickets/bangalore-to-kannur,GOLDEN TRAVEL AGENCIES,A/C Sleeper (2+1),22:00,07h 25m,05:25,4.4,INR 899,7 Seats available
Kerala,Bangalore to Kannur,https://www.redbus.in/bus-tickets/bangalore-to-kannur,AdMMK Travels,VE A/C Seater / Sleeper (2+1),22:15,07h 15m,05:30,4.4,INR 700,26 Seats available
Kerala,Bangalore to Kannur,https://www.redbus.in/bus-tickets/bangalore-to-kannur,Kalpaka Travels,NON A/C Seater/ Sleeper (2+1),21:45,07h 35m,05:20,4.3,INR 600,20 Seats available
Kerala,Bangalore to Kannur,https://www.redbus.in/bus-tickets/bangalore-to-kannur,GOLDEN TRAVEL AGENCIES,A/C Sleeper (2+1),21:30,07h 45m,05:15,4.1,INR 799,23 Seats available
Kerala,Bangalore to Kannur,https://www.redbus.in/bus-tickets/bangalore-to-kannur,Kalpaka Travels,A/C Sleeper (2+1),22:10,06h 50m,05:00,4.2,800,22 Seats available
Kerala,Bangalore to Kannur,https://www.redbus.in/bus-tickets/bangalore-to-kannur,Sugama Tourist,A/C Sleeper (2+1),22:00,07h 30m,05:30,4.0,INR 750,15 Seats available
Kerala,Bangalore to Kannur,https://www.redbus.in/bus-tickets/bangalore-to-kannur,NS Transports,NON A/C Sleeper (2+1),22:45,06h 35m,05:20,4.2,INR 749,8 Seats available
Kerala,Bangalore to Kannur,https://www.redbus.in/bus-tickets/bangalore-to-kannur,National travels and logistics,Non A/C Seater / Sleeper (2+1),22:40,07h 05m,05:45,3.7,449,17 Seats available
Kerala,Bangalore to Kannur,https://www.redbus.in/bus-tickets/bangalore-to-kannur,Rukma Travels,A/C Seater/Sleeper (2+1),21:30,07h 30m,05:00,4.3,INR 699,26 Seats available
Kerala,Bangalore to Kannur,https://www.redbus.in/bus-tickets/bangalore-to-kannur,NS Transports,A/C Sleeper (2+1),22:15,07h 20m,05:35,4.5,INR 949,18 Seats available
Kerala,Bangalore to Kannur,https://www.redbus.in/bus-tickets/bangalore-to-kannur,Ashoka Travel and Logistics,A/C Semi Sleeper (2+2),22:30,07h 15m,05:45,4.0,825,30 Seats available
Kerala,Bangalore to Kannur,https://www.redbus.in/bus-tickets/bangalore-to-kannur,SAAM BUS,VE A/C Sleeper (2+1),18:40,10h 05m,04:45,4.1,INR 700,24 Seats available
Kerala,Bangalore to Kannur,https://www.redbus.in/bus-tickets/bangalore-to-kannur,NS Transports,Non A/C Seater / Sleeper (2+1),22:00,08h 00m,06:00,3.9,600,12 Seats available
Kerala,Bangalore to Kannur,https://www.redbus.in/bus-tickets/bangalore-to-kannur,Yathra Logistics,A/C Sleeper (2+1),22:45,07h 40m,06:25,3.2,INR 749,18 Seats available
Kerala,Bangalore to Kannur,https://www.redbus.in/bus-tickets/bangalore-to-kannur,GOLDEN TRAVEL AGENCIES,Non AC Seater (2+2),22:15,06h 45m,05:00,3.9,INR 749,31 Seats available
Kerala,Bangalore to Kannur,https://www.redbus.in/bus-tickets/bangalore-to-kannur,Sri Durgamba Travels,A/C Sleeper (2+1),22:35,06h 55m,05:30,3.8,INR 700,32 Seats available
Kerala,Bangalore to Kannur,https://www.redbus.in/bus-tickets/bangalore-to-kannur,GOLDEN TRAVEL AGENCIES,NON A/C Sleeper (2+1),22:30,06h 15m,04:45,3.9,INR 749,23 Seats available
Kerala,Bangalore to Kannur,https://www.redbus.in/bus-tickets/bangalore-to-kannur,Arya Travels,A/C Sleeper (2+1),19:45,09h 25m,05:10,3.6,INR 845,14 Seats available
Kerala,Bangalore to Kannur,https://www.redbus.in/bus-tickets/bangalore-to-kannur,Ashoka Travel and Logistics,NON A/C Semi Sleeper (2+2),22:00,07h 30m,05:30,3.2,725,35 Seats available
Kerala,Bangalore to Kannur,https://www.redbus.in/bus-tickets/bangalore-to-kannur,Kalpaka Travels,NON A/C Semi Sleeper (2+2),21:45,07h 45m,05:30,3.6,INR 600,18 Seats available
Kerala,Bangalore to Kannur,https://www.redbus.in/bus-tickets/bangalore-to-kannur,Ashoka Travel and Logistics,A/C Sleeper (2+1),21:45,07h 45m,05:30,3.9,925,10 Seats available
Kerala,Bangalore to Kannur,https://www.redbus.in/bus-tickets/bangalore-to-kannur,Arya Travels,NON A/C Semi Sleeper (2+2),21:55,07h 05m,05:00,3.5,INR 699,16 Seats available
Kerala,Bangalore to Kannur,https://www.redbus.in/bus-tickets/bangalore-to-kannur,Kalpaka Travels,NON A/C Seater/ Sleeper (2+1),22:00,08h 10m,06:10,3.9,INR 600,18 Seats available
Kerala,Bangalore to Kannur,https://www.redbus.in/bus-tickets/bangalore-to-kannur,Kalpaka Travels,NON A/C Seater/ Sleeper (2+1),22:00,07h 00m,05:00,3.6,INR 600,29 Seats available
Kerala,Bangalore to Kannur,https://www.redbus.in/bus-tickets/bangalore-to-kannur,Sam Tourist,A/C Sleeper (2+1),22:35,07h 30m,06:05,2.8,664,23 Seats available
Kerala,Bangalore to Kannur,https://www.redbus.in/bus-tickets/bangalore-to-kannur,Arya Travels,A/C Sleeper (2+1),21:40,07h 50m,05:30,1.7,INR 845,12 Seats available
Kerala,Kozhikode to Mysore,https://www.redbus.in/bus-tickets/kozhikode-to-mysore,KSRTC (Kerala) - 72,SWIFT-GARUDA A/C SEATER BUS,19:00,05h 30m,00:30,2.0,INR 678,4 Seats available
Kerala,Kozhikode to Mysore,https://www.redbus.in/bus-tickets/kozhikode-to-mysore,KSRTC (Kerala) - 719,Super Fast Non AC Seater (2+3),23:00,06h 40m,05:40,3.2,INR 319,12 Seats available
Kerala,Kozhikode to Mysore,https://www.redbus.in/bus-tickets/kozhikode-to-mysore,CHANCHALAS TOURS AND TRAVELS,A/C Semi Sleeper (2+2),19:00,06h 30m,01:30,4.2,3799,1 Seat available
Kerala,Kozhikode to Mysore,https://www.redbus.in/bus-tickets/kozhikode-to-mysore,Suraj Holidays,NON AC Seater / Sleeper 2+1,21:00,06h 00m,03:00,3.6,INR 900,1 Seat available
Kerala,Kozhikode to Mysore,https://www.redbus.in/bus-tickets/kozhikode-to-mysore,FAST LINE BUS,A/C Sleeper (2+1),21:15,06h 45m,04:00,4.2,2429,34 Seats available
Kerala,Kozhikode to Mysore,https://www.redbus.in/bus-tickets/kozhikode-to-mysore,NS Transports,VE A/C Sleeper (2+1),21:16,06h 14m,03:30,3.7,970,18 Seats available
Kerala,Kozhikode to Mysore,https://www.redbus.in/bus-tickets/kozhikode-to-mysore,DA Transports,A/C Sleeper (2+1),22:01,06h 39m,04:40,2.8,INR 999,6 Seats available
Kerala,Kozhikode to Mysore,https://www.redbus.in/bus-tickets/kozhikode-to-mysore,Sam Tourist,NON AC Seater / Sleeper 2+1,21:00,07h 00m,04:00,0.0,949,1 Seat available
Kerala,Kannur to Bangalore,https://www.redbus.in/bus-tickets/kannur-to-bangalore,KSRTC (Kerala) - 100,Swift Deluxe Non AC Air Bus (2+2),19:03,07h 18m,02:21,4.4,INR 709,5 Seats available
Kerala,Kannur to Bangalore,https://www.redbus.in/bus-tickets/kannur-to-bangalore,KSRTC (Kerala) - 133,Swift Deluxe Non AC Air Bus (2+2),21:00,08h 15m,05:15,4.5,INR 740,1 Seat available
Kerala,Kannur to Bangalore,https://www.redbus.in/bus-tickets/kannur-to-bangalore,MMK Travels,VE A/C Seater / Sleeper (2+1),21:30,08h 30m,06:00,4.3,INR 700,10 Seats available
Kerala,Kannur to Bangalore,https://www.redbus.in/bus-tickets/kannur-to-bangalore,Rukma Travels,A/C Seater/Sleeper (2+1),21:00,09h 00m,06:00,4.1,INR 849,20 Seats available
Kerala,Kannur to Bangalore,https://www.redbus.in/bus-tickets/kannur-to-bangalore,Kalpaka Travels 1,A/C Sleeper (2+1),21:45,07h 15m,05:00,4.2,INR 1100,10 Seats available
Kerala,Kannur to Bangalore,https://www.redbus.in/bus-tickets/kannur-to-bangalore,Ashoka Travel and Logistics,A/C Semi Sleeper (2+2),21:00,08h 15m,05:15,4.1,INR 900,8 Seats available
Kerala,Kannur to Bangalore,https://www.redbus.in/bus-tickets/kannur-to-bangalore,Sugama Tourist,A/C Sleeper (2+1),22:00,07h 30m,05:30,4.0,INR 800,5 Seats available
Kerala,Kannur to Bangalore,https://www.redbus.in/bus-tickets/kannur-to-bangalore,Ashoka Travel and Logistics,A/C Sleeper (2+1),21:15,08h 15m,05:30,4.4,INR 1000,2 Seats available
Kerala,Kannur to Bangalore,https://www.redbus.in/bus-tickets/kannur-to-bangalore,Golden Travels,Volvo A/C Semi Sleeper (2+2),21:45,07h 05m,04:50,4.5,INR 949,3 Seats available
Kerala,Kannur to Bangalore,https://www.redbus.in/bus-tickets/kannur-to-bangalore,Kalpaka Travels 1,NON A/C Seater/ Sleeper (2+1),21:30,07h 30m,05:00,4.6,INR 800,1 Seat available
Kerala,Kannur to Bangalore,https://www.redbus.in/bus-tickets/kannur-to-bangalore,NS Transports,A/C Sleeper (2+1),21:15,08h 15m,05:30,4.4,1000,1 Seat available
Kerala,Kannur to Bangalore,https://www.redbus.in/bus-tickets/kannur-to-bangalore,Sam Tourist,A/C Sleeper (2+1),21:35,08h 30m,06:05,3.7,759,22 Seats available
Kerala,Kannur to Bangalore,https://www.redbus.in/bus-tickets/kannur-to-bangalore,Yathra Logistics,A/C Sleeper (2+1),21:40,09h 00m,06:40,3.5,INR 899,12 Seats available
Kerala,Kannur to Bangalore,https://www.redbus.in/bus-tickets/kannur-to-bangalore,Ashoka Travel and Logistics,NON A/C Semi Sleeper (2+2),21:30,07h 30m,05:00,3.7,INR 800,3 Seats available
Kerala,Kannur to Bangalore,https://www.redbus.in/bus-tickets/kannur-to-bangalore,SAAM BUS,VE A/C Sleeper (2+1),22:00,08h 00m,06:00,3.5,INR 900,5 Seats available
Kerala,Kannur to Bangalore,https://www.redbus.in/bus-tickets/kannur-to-bangalore,National travels and logistics,Non A/C Seater / Sleeper (2+1),21:15,08h 15m,05:30,3.5,INR 749,5 Seats available
Kerala,Kannur to Bangalore,https://www.redbus.in/bus-tickets/kannur-to-bangalore,Sri Durgamba Travels,A/C Sleeper (2+1),22:00,07h 45m,05:45,3.8,INR 700,4 Seats available
Kerala,Kannur to Bangalore,https://www.redbus.in/bus-tickets/kannur-to-bangalore,Kalpaka Travels 1,NON A/C Semi Sleeper (2+2),20:45,08h 15m,05:00,3.3,INR 800,3 Seats available
Kerala,Kannur to Bangalore,https://www.redbus.in/bus-tickets/kannur-to-bangalore,P K Travels,NON A/C Semi Sleeper (2+2),20:30,10h 00m,06:30,3.2,720,2 Seats available
Kerala,Kannur to Bangalore,https://www.redbus.in/bus-tickets/kannur-to-bangalore,Kalpaka Travels 1,NON A/C Seater/ Sleeper (2+1),21:15,07h 45m,05:00,3.9,INR 900,2 Seats available
Kerala,Kannur to Bangalore,https://www.redbus.in/bus-tickets/kannur-to-bangalore,Arya Travels,A/C Sleeper (2+1),21:25,08h 05m,05:30,2.9,INR 895,5 Seats available
Kerala,Kannur to Bangalore,https://www.redbus.in/bus-tickets/kannur-to-bangalore,P K Travels,A/C Sleeper (2+1),21:00,08h 00m,05:00,1.9,990,9 Seats available
Kerala,Kozhikode to Thiruvananthapuram,https://www.redbus.in/bus-tickets/kozhikode-to-thiruvananthapuram,KSRTC (Kerala) - 2372,Low Floor AC Seater 2+2,19:30,08h 40m,04:10,2.8,INR 723,9 Seats available
Kerala,Kozhikode to Thiruvananthapuram,https://www.redbus.in/bus-tickets/kozhikode-to-thiruvananthapuram,KSRTC (Kerala) - 564,Super Express Non AC Seater Air Bus (2+2),20:12,08h 58m,05:10,3.6,INR 586,3 Seats available
Kerala,Kozhikode to Thiruvananthapuram,https://www.redbus.in/bus-tickets/kozhikode-to-thiruvananthapuram,KSRTC (Kerala) - 2393,Low Floor AC Seater 2+2,20:30,10h 05m,06:35,2.8,INR 742,7 Seats available
Kerala,Kozhikode to Thiruvananthapuram,https://www.redbus.in/bus-tickets/kozhikode-to-thiruvananthapuram,KSRTC (Kerala) - 827,Super Fast Non AC Seater (2+3),21:00,11h 35m,08:35,2.6,INR 515,19 Seats available
Kerala,Kozhikode to Thiruvananthapuram,https://www.redbus.in/bus-tickets/kozhikode-to-thiruvananthapuram,KSRTC (Kerala) - 2954,Super Express Non AC Seater Air Bus (2+2),21:25,09h 45m,07:10,2.8,INR 586,1 Seat available
Kerala,Kozhikode to Thiruvananthapuram,https://www.redbus.in/bus-tickets/kozhikode-to-thiruvananthapuram,KSRTC (Kerala) - 1880,Low Floor AC Seater 2+2,21:30,10h 00m,07:30,4.6,INR 723,3 Seats available
Kerala,Kozhikode to Thiruvananthapuram,https://www.redbus.in/bus-tickets/kozhikode-to-thiruvananthapuram,KSRTC (Kerala) - 1100,AC MULTI AXLE,22:05,08h 10m,06:15,1.8,INR 904,3 Seats available
Kerala,Kozhikode to Thiruvananthapuram,https://www.redbus.in/bus-tickets/kozhikode-to-thiruvananthapuram,KSRTC (Kerala) - 2743,Super Express Non AC Seater Air Bus (2+2),22:20,09h 45m,08:05,2.8,INR 565,7 Seats available
Kerala,Kozhikode to Thiruvananthapuram,https://www.redbus.in/bus-tickets/kozhikode-to-thiruvananthapuram,KSRTC (Kerala) - 1841,Low Floor AC Seater 2+2,22:30,10h 00m,08:30,1.6,INR 742,3 Seats available
Kerala,Kozhikode to Thiruvananthapuram,https://www.redbus.in/bus-tickets/kozhikode-to-thiruvananthapuram,KSRTC (Kerala) - 279,Super Fast Non AC Seater (2+3),23:05,10h 45m,09:50,2.7,INR 515,19 Seats available
Kerala,Kozhikode to Thiruvananthapuram,https://www.redbus.in/bus-tickets/kozhikode-to-thiruvananthapuram,KSRTC (Kerala) - 1843,Low Floor AC Seater 2+2,23:30,10h 05m,09:35,2.5,INR 723,2 Seats available
Kerala,Kozhikode to Thiruvananthapuram,https://www.redbus.in/bus-tickets/kozhikode-to-thiruvananthapuram,A1 Travels,A/C Seater / Sleeper (2+1),20:05,09h 25m,05:30,4.1,INR 700,2 Seats available
Kerala,Kozhikode to Thiruvananthapuram,https://www.redbus.in/bus-tickets/kozhikode-to-thiruvananthapuram,A1 Travels,NON A/C Semi Sleeper (2+2),21:00,09h 00m,06:00,3.0,INR 600,15 Seats available
Kerala,Kozhikode to Thiruvananthapuram,https://www.redbus.in/bus-tickets/kozhikode-to-thiruvananthapuram,Galaxy Tours,A/C Semi Sleeper (2+2),21:45,08h 45m,06:30,3.0,INR 700,20 Seats available
Kerala,Kozhikode to Thiruvananthapuram,https://www.redbus.in/bus-tickets/kozhikode-to-thiruvananthapuram,Madhavi Travels,Volvo Multi-Axle I-Shift B11R Semi Sleeper (2+2),23:30,08h 00m,07:30,3.2,INR 899,17 Seats available
Kerala,Kozhikode to Thiruvananthapuram,https://www.redbus.in/bus-tickets/kozhikode-to-thiruvananthapuram,LIYAS TOURS,Bharat Benz A/C Sleeper (2+1),23:05,08h 35m,07:40,3.5,899,5 Seats available
Kerala,Kozhikode to Thiruvananthapuram,https://www.redbus.in/bus-tickets/kozhikode-to-thiruvananthapuram,A1 Travels,Bharat Benz A/C Seater /Sleeper (2+1),22:30,07h 30m,06:00,3.2,INR 800,3 Seats available
Kerala,Kozhikode to Thiruvananthapuram,https://www.redbus.in/bus-tickets/kozhikode-to-thiruvananthapuram,Madhavi Travels,A/C Semi Sleeper (2+2),23:30,08h 00m,07:30,3.2,INR 849,10 Seats available
Kerala,Kozhikode to Thiruvananthapuram,https://www.redbus.in/bus-tickets/kozhikode-to-thiruvananthapuram,A1 Travels,Bharat Benz A/C Sleeper (2+1),23:30,08h 30m,08:00,2.4,INR 1100,6 Seats available
Kerala,Kozhikode to Thiruvananthapuram,https://www.redbus.in/bus-tickets/kozhikode-to-thiruvananthapuram,Madhavi Travels,Volvo Multi-Axle I-Shift B11R Semi Sleeper (2+2),23:30,08h 00m,07:30,2.9,INR 899,11 Seats available
Kerala,Kozhikode to Thiruvananthapuram,https://www.redbus.in/bus-tickets/kozhikode-to-thiruvananthapuram,A1 Travels,Bharat Benz A/C Seater /Sleeper (2+1),22:15,07h 30m,05:45,2.1,INR 800,5 Seats available
Kerala,Kozhikode to Thiruvananthapuram,https://www.redbus.in/bus-tickets/kozhikode-to-thiruvananthapuram,Kallada Travels (Suresh Kallada),A/C Sleeper (2+1),23:15,08h 00m,07:15,2.0,INR 1000,8 Seats available
Kerala,Kozhikode to Thiruvananthapuram,https://www.redbus.in/bus-tickets/kozhikode-to-thiruvananthapuram,EMERALD TRAVELS,Bharat Benz A/C Seater (2+2),23:00,07h 30m,06:30,2.5,INR 800,29 Seats available
Kerala,Kozhikode to Thiruvananthapuram,https://www.redbus.in/bus-tickets/kozhikode-to-thiruvananthapuram,Galaxy Tours,2+1 Air Suspension A/C Seater / Sleeper,21:45,08h 45m,06:30,2.2,INR 650,1 Seat available
Kerala,Kozhikode to Thiruvananthapuram,https://www.redbus.in/bus-tickets/kozhikode-to-thiruvananthapuram,EMERALD TRAVELS,Bharat Benz A/C Semi Sleeper (2+2),22:10,08h 20m,06:30,2.7,INR 800,2 Seats available
Kerala,Mysore to Kozhikode,https://www.redbus.in/bus-tickets/mysore-to-kozhikode,KSRTC (Kerala) - 793,Super Fast Non AC Seater (2+3),18:30,05h 30m,00:00,4.3,INR 285,38 Seats available
Kerala,Mysore to Kozhikode,https://www.redbus.in/bus-tickets/mysore-to-kozhikode,KSRTC (Kerala) - 171,Swift Deluxe Non AC Air Bus (2+2),19:10,06h 10m,01:20,4.0,INR 419,7 Seats available
Kerala,Mysore to Kozhikode,https://www.redbus.in/bus-tickets/mysore-to-kozhikode,KSRTC (Kerala) - 553,Super Express Non AC Seater Air Bus (2+2),19:50,05h 35m,01:25,4.0,INR 419,1 Seat available
Kerala,Mysore to Kozhikode,https://www.redbus.in/bus-tickets/mysore-to-kozhikode,KSRTC (Kerala) - 2975,Super Express Non AC Seater Air Bus (2+2),20:35,05h 30m,02:05,4.0,INR 958,33 Seats available
Kerala,Mysore to Kozhikode,https://www.redbus.in/bus-tickets/mysore-to-kozhikode,KSRTC (Kerala) - 51,Swift Deluxe Non AC Air Bus (2+2),21:50,06h 34m,04:24,3.6,INR 419,16 Seats available
Kerala,Mysore to Kozhikode,https://www.redbus.in/bus-tickets/mysore-to-kozhikode,KSRTC (Kerala) - 789,Super Fast Non AC Seater (2+3),22:30,05h 55m,04:25,4.0,INR 473,28 Seats available
Kerala,Mysore to Kozhikode,https://www.redbus.in/bus-tickets/mysore-to-kozhikode,KSRTC (Kerala) - 1077,Super Fast Non AC Seater (2+3),22:30,07h 20m,05:50,4.4,INR 319,46 Seats available
Kerala,Mysore to Kozhikode,https://www.redbus.in/bus-tickets/mysore-to-kozhikode,KSRTC (Kerala) - 1585,Super Express Non AC Seater Air Bus (2+2),23:36,06h 00m,05:36,4.2,INR 419,27 Seats available
Kerala,Mysore to Kozhikode,https://www.redbus.in/bus-tickets/mysore-to-kozhikode,LIYAS TOURS,Bharat Benz A/C Sleeper (2+1),17:25,05h 40m,23:05,4.6,549,11 Seats available
Kerala,Mysore to Kozhikode,https://www.redbus.in/bus-tickets/mysore-to-kozhikode,Suraj Holidays,NON AC Seater / Sleeper 2+1,23:00,07h 00m,06:00,4.3,INR 700,23 Seats available
Kerala,Mysore to Kozhikode,https://www.redbus.in/bus-tickets/mysore-to-kozhikode,NS Transports,Non A/C Seater / Sleeper (2+1),00:10,06h 00m,06:10,4.2,601,21 Seats available
Kerala,Mysore to Kozhikode,https://www.redbus.in/bus-tickets/mysore-to-kozhikode,NS Transports,Non A/C Seater / Sleeper (2+1),00:30,06h 00m,06:30,4.2,601,23 Seats available
Kerala,Mysore to Kozhikode,https://www.redbus.in/bus-tickets/mysore-to-kozhikode,National travels and logistics,NON A/C Sleeper (2+1),00:40,05h 35m,06:15,3.5,590,17 Seats available
Kerala,Mysore to Kozhikode,https://www.redbus.in/bus-tickets/mysore-to-kozhikode,Kallada Travels (Suresh Kallada),A/C Sleeper (2+1),17:30,05h 46m,23:16,2.5,INR 600,23 Seats available
Kerala,Mysore to Kozhikode,https://www.redbus.in/bus-tickets/mysore-to-kozhikode,A1 Travels,A/C Seater / Sleeper (2+1),23:45,06h 45m,06:30,1.6,INR 550,33 Seats available
Kerala,Mysore to Kozhikode,https://www.redbus.in/bus-tickets/mysore-to-kozhikode,SKS Tourist Corporation (REGD),A/C Sleeper (2+1),23:55,05h 35m,05:30,3.6,INR 899,31 Seats available
Kerala,Mysore to Kozhikode,https://www.redbus.in/bus-tickets/mysore-to-kozhikode,SKS Tours & Travels,A/C Sleeper (2+1),23:59,05h 41m,05:40,3.6,INR 899,23 Seats available
Kerala,Mysore to Kozhikode,https://www.redbus.in/bus-tickets/mysore-to-kozhikode,NS Transports,VE A/C Sleeper (2+1),00:45,06h 45m,07:30,4.2,878,20 Seats available
Kerala,Mysore to Kozhikode,https://www.redbus.in/bus-tickets/mysore-to-kozhikode,FAST LINE BUS,A/C Sleeper (2+1),23:59,06h 16m,06:15,1.6,2429,34 Seats available
Kerala,Mysore to Kozhikode,https://www.redbus.in/bus-tickets/mysore-to-kozhikode,A1 Travels,Bharat Benz A/C Sleeper (2+1),17:30,06h 00m,23:30,0.0,INR 1100,19 Seats available
Kerala,Bangalore to Kalpetta (kerala),https://www.redbus.in/bus-tickets/bangalore-to-kalpetta,KSRTC (Kerala) - 51,Swift Deluxe Non AC Air Bus (2+2),19:04,07h 46m,02:50,3.8,INR 548,15 Seats available
Kerala,Bangalore to Kalpetta (kerala),https://www.redbus.in/bus-tickets/bangalore-to-kalpetta,KSRTC (Kerala) - 789,Super Fast Non AC Seater (2+3),20:00,06h 05m,02:05,3.8,INR 473,23 Seats available
Kerala,Bangalore to Kalpetta (kerala),https://www.redbus.in/bus-tickets/bangalore-to-kalpetta,KSRTC (Kerala) - 1585,Super Express Non AC Seater Air Bus (2+2),20:31,07h 10m,03:41,3.8,INR 548,27 Seats available
Kerala,Bangalore to Kalpetta (kerala),https://www.redbus.in/bus-tickets/bangalore-to-kalpetta,KSRTC (Kerala) - 1586,Super Express Non AC Seater Air Bus (2+2),21:31,07h 15m,04:46,3.8,INR 548,32 Seats available
Kerala,Bangalore to Kalpetta (kerala),https://www.redbus.in/bus-tickets/bangalore-to-kalpetta,KSRTC (Kerala) - 2133,Swift Deluxe Non AC Air Bus (2+2),22:12,07h 49m,06:01,4.3,INR 548,36 Seats available
Kerala,Bangalore to Kalpetta (kerala),https://www.redbus.in/bus-tickets/bangalore-to-kalpetta,KSRTC (Kerala) - 2063,SWIFT-GARUDA A/C SEATER BUS,22:32,06h 43m,05:15,4.1,INR 524,6 Seats available
Kerala,Bangalore to Kalpetta (kerala),https://www.redbus.in/bus-tickets/bangalore-to-kalpetta,KSRTC (Kerala) - 574,Super Express Non AC Seater Air Bus (2+2),23:00,08h 30m,07:30,3.9,INR 377,25 Seats available
Kerala,Bangalore to Kalpetta (kerala),https://www.redbus.in/bus-tickets/bangalore-to-kalpetta,KSRTC (Kerala) - 583,Super Express Non AC Seater Air Bus (2+2),23:30,08h 05m,07:35,3.3,INR 377,23 Seats available
Kerala,Bangalore to Kalpetta (kerala),https://www.redbus.in/bus-tickets/bangalore-to-kalpetta,KSRTC (Kerala) - 56,SWIFT-GARUDA A/C SEATER BUS,23:41,07h 34m,07:15,4.4,INR 524,26 Seats available
Kerala,Bangalore to Kalpetta (kerala),https://www.redbus.in/bus-tickets/bangalore-to-kalpetta,DLT BUS,A/C Sleeper (2+1),22:30,07h 00m,05:30,4.1,INR 899,18 Seats available
Kerala,Bangalore to Kalpetta (kerala),https://www.redbus.in/bus-tickets/bangalore-to-kalpetta,MMK Travels,A/C Seater / Sleeper (2+1),22:30,07h 00m,05:30,4.2,INR 700,22 Seats available
Kerala,Bangalore to Kalpetta (kerala),https://www.redbus.in/bus-tickets/bangalore-to-kalpetta,DLT BUS,A/C Sleeper (2+1),22:30,06h 50m,05:20,4.5,809,18 Seats available
Kerala,Bangalore to Kalpetta (kerala),https://www.redbus.in/bus-tickets/bangalore-to-kalpetta,Kyros Connect,Bharat Benz A/C Semi Sleeper (2+2),23:00,08h 30m,07:30,3.9,INR 599,33 Seats available
Kerala,Bangalore to Kalpetta (kerala),https://www.redbus.in/bus-tickets/bangalore-to-kalpetta,Kyros Connect,Bharat Benz A/C Semi Sleeper (2+2),23:00,08h 20m,07:20,4.2,INR 599,31 Seats available
Kerala,Bangalore to Kalpetta (kerala),https://www.redbus.in/bus-tickets/bangalore-to-kalpetta,Suraj Holidays,VE A/C Sleeper (2+1),22:30,07h 45m,06:15,4.4,INR 900,21 Seats available
Kerala,Bangalore to Kalpetta (kerala),https://www.redbus.in/bus-tickets/bangalore-to-kalpetta,MMK Travels,A/C Seater / Sleeper (2+1),22:30,07h 15m,05:45,3.9,INR 700,28 Seats available
Kerala,Bangalore to Kalpetta (kerala),https://www.redbus.in/bus-tickets/bangalore-to-kalpetta,FAST LINE BUS,A/C Sleeper (2+1),21:15,06h 45m,04:00,4.4,INR 2699,34 Seats available
Kerala,Bangalore to Kalpetta (kerala),https://www.redbus.in/bus-tickets/bangalore-to-kalpetta,SURAJ TRAVEL HOUSE,VE A/C Seater / Sleeper (2+1),21:00,08h 15m,05:15,3.8,599,33 Seats available
Kerala,Bangalore to Kalpetta (kerala),https://www.redbus.in/bus-tickets/bangalore-to-kalpetta,Kallada Travels (Suresh Kallada),A/C Sleeper (2+1),22:00,07h 25m,05:25,4.1,INR 800,22 Seats available
Kerala,Bangalore to Kalpetta (kerala),https://www.redbus.in/bus-tickets/bangalore-to-kalpetta,Suraj Holidays,VE A/C Sleeper (2+1),22:30,07h 45m,06:15,3.2,810,21 Seats available
Kerala,Bangalore to Kalpetta (kerala),https://www.redbus.in/bus-tickets/bangalore-to-kalpetta,A1 Travels,Non A/C Seater / Sleeper (2+1),21:00,08h 00m,05:00,4.6,INR 500,25 Seats available
Kerala,Bangalore to Kalpetta (kerala),https://www.redbus.in/bus-tickets/bangalore-to-kalpetta,Silver Line Travels,NON A/C Semi Sleeper (2+2),22:00,06h 20m,04:20,3.2,INR 599,33 Seats available
Kerala,Bangalore to Kalpetta (kerala),https://www.redbus.in/bus-tickets/bangalore-to-kalpetta,DA Transports,A/C Sleeper (2+1),21:45,06h 30m,04:15,4.2,INR 700,23 Seats available
Kerala,Bangalore to Kalpetta (kerala),https://www.redbus.in/bus-tickets/bangalore-to-kalpetta,SKS Tourist Corporation (REGD),Non A/C Seater / Sleeper (2+1),21:15,06h 45m,04:00,3.3,INR 699,24 Seats available
Kerala,Bangalore to Kalpetta (kerala),https://www.redbus.in/bus-tickets/bangalore-to-kalpetta,A1 Travels,Bharat Benz A/C Seater /Sleeper (2+1),20:00,08h 30m,04:30,2.7,INR 600,29 Seats available
Kerala,Bangalore to Kalpetta (kerala),https://www.redbus.in/bus-tickets/bangalore-to-kalpetta,Vijay Lines,A/C Seater / Sleeper (2+1),22:20,06h 25m,04:45,4.5,899,39 Seats available
Kerala,Bangalore to Kalpetta (kerala),https://www.redbus.in/bus-tickets/bangalore-to-kalpetta,LEGEND HOLIDAYS,Bharat Benz A/C Semi Sleeper (2+2),21:20,07h 10m,04:30,3.6,INR 499,18 Seats available
Kerala,Bangalore to Kalpetta (kerala),https://www.redbus.in/bus-tickets/bangalore-to-kalpetta,SKS Tourist Corporation (REGD),Non A/C Seater / Sleeper (2+1),21:30,06h 25m,03:55,3.3,INR 699,29 Seats available
Kerala,Bangalore to Kalpetta (kerala),https://www.redbus.in/bus-tickets/bangalore-to-kalpetta,SKS Tourist Corporation (REGD),Non A/C Seater / Sleeper (2+1),21:15,06h 46m,04:01,3.3,INR 699,24 Seats available
Kerala,Bangalore to Kalpetta (kerala),https://www.redbus.in/bus-tickets/bangalore-to-kalpetta,SKS Tourist Corporation (REGD),Non A/C Seater / Sleeper (2+1),21:30,06h 30m,04:00,3.2,INR 699,29 Seats available
Kerala,Bangalore to Kalpetta (kerala),https://www.redbus.in/bus-tickets/bangalore-to-kalpetta,A1 Travels,A/C Seater / Sleeper (2+1),22:30,06h 30m,05:00,2.6,INR 550,28 Seats available
Kerala,Bangalore to Kalpetta (kerala),https://www.redbus.in/bus-tickets/bangalore-to-kalpetta,SKS Tourist Corporation (REGD),A/C Sleeper (2+1),21:00,07h 45m,04:45,3.8,INR 899,26 Seats available
Kerala,Bangalore to Kalpetta (kerala),https://www.redbus.in/bus-tickets/bangalore-to-kalpetta,P K Travels,A/C Seater / Sleeper (2+1),21:30,06h 30m,04:00,3.3,INR 750,26 Seats available
Kerala,Bangalore to Kalpetta (kerala),https://www.redbus.in/bus-tickets/bangalore-to-kalpetta,SKS Tourist Corporation (REGD),A/C Sleeper (2+1),21:00,07h 20m,04:20,1.9,INR 899,26 Seats available
Kerala,Bangalore to Kalpetta (kerala),https://www.redbus.in/bus-tickets/bangalore-to-kalpetta,Balaji Tourist,Volvo Multi-Axle A/C Semisleeper (2+2),22:00,06h 20m,04:20,0.0,INR 1500,8 Seats available
Kerala,Kalpetta (kerala) to Bangalore,https://www.redbus.in/bus-tickets/kalpetta-to-bangalore,KSRTC (Kerala) - 72,SWIFT-GARUDA A/C SEATER BUS,20:35,07h 00m,03:35,2.7,INR 883,5 Seats available
Kerala,Kalpetta (kerala) to Bangalore,https://www.redbus.in/bus-tickets/kalpetta-to-bangalore,KSRTC (Kerala) - 2921,Super Fast Non AC Seater (2+3),23:51,07h 05m,06:56,3.2,INR 688,26 Seats available
Kerala,Kalpetta (kerala) to Bangalore,https://www.redbus.in/bus-tickets/kalpetta-to-bangalore,DLT BUS,A/C Sleeper (2+1),23:45,06h 45m,06:30,4.2,INR 1499,8 Seats available
Kerala,Kalpetta (kerala) to Bangalore,https://www.redbus.in/bus-tickets/kalpetta-to-bangalore,Kyros Connect,A/C Semi Sleeper (2+2),19:05,06h 10m,01:15,3.7,INR 899,24 Seats available
Kerala,Kalpetta (kerala) to Bangalore,https://www.redbus.in/bus-tickets/kalpetta-to-bangalore,Kyros Connect,A/C Semi Sleeper (2+2),19:00,06h 15m,01:15,3.5,INR 899,24 Seats available
Kerala,Kalpetta (kerala) to Bangalore,https://www.redbus.in/bus-tickets/kalpetta-to-bangalore,FAST LINE BUS,A/C Sleeper (2+1),23:15,07h 00m,06:15,4.7,INR 2699,33 Seats available
Kerala,Kalpetta (kerala) to Bangalore,https://www.redbus.in/bus-tickets/kalpetta-to-bangalore,SKS Tourist Corporation (REGD),Non A/C Seater / Sleeper (2+1),22:20,06h 55m,05:15,3.8,INR 799,1 Seat available
Kerala,Kalpetta (kerala) to Bangalore,https://www.redbus.in/bus-tickets/kalpetta-to-bangalore,DLT BUS,A/C Sleeper (2+1),23:59,06h 31m,06:30,2.9,INR 1499,8 Seats available
Kerala,Kalpetta (kerala) to Bangalore,https://www.redbus.in/bus-tickets/kalpetta-to-bangalore,SKS Tourist Corporation (REGD),Non A/C Seater / Sleeper (2+1),22:56,06h 19m,05:15,4.3,INR 799,1 Seat available
Kerala,Kalpetta (kerala) to Bangalore,https://www.redbus.in/bus-tickets/kalpetta-to-bangalore,CHANCHALAS TOURS AND TRAVELS,A/C Semi Sleeper (2+2),21:30,07h 15m,04:45,4.2,3799,1 Seat available
Kerala,Kalpetta (kerala) to Bangalore,https://www.redbus.in/bus-tickets/kalpetta-to-bangalore,CHANCHALAS TOURS AND TRAVELS,A/C Semi Sleeper (2+2),21:35,07h 10m,04:45,4.0,INR 3999,1 Seat available
Kerala,Kalpetta (kerala) to Bangalore,https://www.redbus.in/bus-tickets/kalpetta-to-bangalore,DA Transports,A/C Sleeper (2+1),00:00,07h 45m,07:45,3.7,INR 999,6 Seats available
Kerala,Kalpetta (kerala) to Bangalore,https://www.redbus.in/bus-tickets/kalpetta-to-bangalore,DA Transports,A/C Sleeper (2+1),00:00,07h 45m,07:45,0.0,INR 999,6 Seats available
Kerala,Thiruvananthapuram to Kozhikode,https://www.redbus.in/bus-tickets/thiruvananthapuram-to-kozhikode,KSRTC (Kerala) - 47,Swift Deluxe Non AC Air Bus (2+2),18:30,09h 22m,03:52,2.9,INR 586,10 Seats available
Kerala,Thiruvananthapuram to Kozhikode,https://www.redbus.in/bus-tickets/thiruvananthapuram-to-kozhikode,KSRTC (Kerala) - 2956,Super Express Non AC Seater Air Bus (2+2),18:45,10h 40m,05:25,2.9,INR 586,22 Seats available
Kerala,Thiruvananthapuram to Kozhikode,https://www.redbus.in/bus-tickets/thiruvananthapuram-to-kozhikode,KSRTC (Kerala) - 2364,Low Floor AC Seater 2+2,19:00,10h 10m,05:10,4.0,INR 723,11 Seats available
Kerala,Thiruvananthapuram to Kozhikode,https://www.redbus.in/bus-tickets/thiruvananthapuram-to-kozhikode,KSRTC (Kerala) - 49,Swift Deluxe Non AC Air Bus (2+2),19:10,09h 10m,04:20,2.1,INR 565,9 Seats available
Kerala,Thiruvananthapuram to Kozhikode,https://www.redbus.in/bus-tickets/thiruvananthapuram-to-kozhikode,KSRTC (Kerala) - 425,Super Express Non AC Seater Air Bus (2+2),19:15,08h 55m,04:10,1.0,INR 545,7 Seats available
Kerala,Thiruvananthapuram to Kozhikode,https://www.redbus.in/bus-tickets/thiruvananthapuram-to-kozhikode,KSRTC (Kerala) - 507,Super Express Non AC Seater Air Bus (2+2),20:00,07h 35m,03:35,2.9,INR 565,18 Seats available
Kerala,Thiruvananthapuram to Kozhikode,https://www.redbus.in/bus-tickets/thiruvananthapuram-to-kozhikode,KSRTC (Kerala) - 2894,Low Floor AC Seater 2+2,20:01,10h 25m,06:26,2.9,INR 742,17 Seats available
Kerala,Thiruvananthapuram to Kozhikode,https://www.redbus.in/bus-tickets/thiruvananthapuram-to-kozhikode,KSRTC (Kerala) - 528,Super Express Non AC Seater Air Bus (2+2),20:45,07h 55m,04:40,3.1,INR 586,20 Seats available
Kerala,Thiruvananthapuram to Kozhikode,https://www.redbus.in/bus-tickets/thiruvananthapuram-to-kozhikode,KSRTC (Kerala) - 1855,Low Floor AC Seater 2+2,21:00,10h 00m,07:00,2.2,INR 723,19 Seats available
Kerala,Thiruvananthapuram to Kozhikode,https://www.redbus.in/bus-tickets/thiruvananthapuram-to-kozhikode,KSRTC (Kerala) - 45,Swift Deluxe Non AC Air Bus (2+2),21:10,09h 03m,06:13,3.3,INR 565,9 Seats available
Kerala,Thiruvananthapuram to Kozhikode,https://www.redbus.in/bus-tickets/thiruvananthapuram-to-kozhikode,KSRTC (Kerala) - 1858,Low Floor AC Seater 2+2,22:00,09h 50m,07:50,2.4,INR 742,6 Seats available
Kerala,Thiruvananthapuram to Kozhikode,https://www.redbus.in/bus-tickets/thiruvananthapuram-to-kozhikode,KSRTC (Kerala) - 325,Super Fast Non AC Seater (2+3),22:05,10h 30m,08:35,3.4,INR 515,41 Seats available
Kerala,Thiruvananthapuram to Kozhikode,https://www.redbus.in/bus-tickets/thiruvananthapuram-to-kozhikode,KSRTC (Kerala) - 2026,Super Express Non AC Seater Air Bus (2+2),22:35,09h 27m,08:02,2.9,INR 565,14 Seats available
Kerala,Thiruvananthapuram to Kozhikode,https://www.redbus.in/bus-tickets/thiruvananthapuram-to-kozhikode,KSRTC (Kerala) - 2366,Low Floor AC Seater 2+2,23:00,10h 15m,09:15,2.9,INR 723,18 Seats available
Kerala,Thiruvananthapuram to Kozhikode,https://www.redbus.in/bus-tickets/thiruvananthapuram-to-kozhikode,KSRTC (Kerala) - 500,Super Express Non AC Seater Air Bus (2+2),23:45,07h 40m,07:25,3.2,INR 586,25 Seats available
Kerala,Thiruvananthapuram to Kozhikode,https://www.redbus.in/bus-tickets/thiruvananthapuram-to-kozhikode,Madhavi Travels,A/C Sleeper (2+1),19:50,08h 40m,04:30,4.2,902,5 Seats available
Kerala,Thiruvananthapuram to Kozhikode,https://www.redbus.in/bus-tickets/thiruvananthapuram-to-kozhikode,A1 Travels,Bharat Benz A/C Seater /Sleeper (2+1),20:30,08h 30m,05:00,2.4,INR 700,20 Seats available
Kerala,Thiruvananthapuram to Kozhikode,https://www.redbus.in/bus-tickets/thiruvananthapuram-to-kozhikode,Kallada Travels (Suresh Kallada),A/C Sleeper (2+1),18:01,10h 59m,05:00,2.8,INR 1000,11 Seats available
Kerala,Thiruvananthapuram to Kozhikode,https://www.redbus.in/bus-tickets/thiruvananthapuram-to-kozhikode,A1 Travels,Bharat Benz A/C Sleeper (2+1),19:00,09h 00m,04:00,2.3,INR 1000,7 Seats available
Kerala,Thiruvananthapuram to Kozhikode,https://www.redbus.in/bus-tickets/thiruvananthapuram-to-kozhikode,A1 Travels,A/C Seater / Sleeper (2+1),21:35,09h 25m,07:00,3.4,INR 700,31 Seats available
Kerala,Thiruvananthapuram to Kozhikode,https://www.redbus.in/bus-tickets/thiruvananthapuram-to-kozhikode,Madhavi Travels,Volvo Multi-Axle I-Shift B11R Semi Sleeper (2+2),20:40,07h 50m,04:30,4.2,854,28 Seats available
Kerala,Thiruvananthapuram to Kozhikode,https://www.redbus.in/bus-tickets/thiruvananthapuram-to-kozhikode,Madhavi Travels,Volvo Multi-Axle I-Shift B11R Semi Sleeper (2+2),20:45,08h 05m,04:50,4.1,949,22 Seats available
Kerala,Thiruvananthapuram to Kozhikode,https://www.redbus.in/bus-tickets/thiruvananthapuram-to-kozhikode,A1 Travels,NON A/C Semi Sleeper (2+2),21:00,09h 30m,06:30,3.1,INR 600,26 Seats available
Kerala,Thiruvananthapuram to Kozhikode,https://www.redbus.in/bus-tickets/thiruvananthapuram-to-kozhikode,Galaxy Tours,A/C Semi Sleeper (2+2),21:00,09h 00m,06:00,3.8,INR 600,24 Seats available
Kerala,Thiruvananthapuram to Kozhikode,https://www.redbus.in/bus-tickets/thiruvananthapuram-to-kozhikode,A1 Travels,Bharat Benz A/C Seater /Sleeper (2+1),20:15,09h 15m,05:30,2.8,INR 700,17 Seats available
Kerala,Thiruvananthapuram to Kozhikode,https://www.redbus.in/bus-tickets/thiruvananthapuram-to-kozhikode,Galaxy Tours,2+1 Air Suspension A/C Seater / Sleeper,21:00,09h 00m,06:00,2.7,INR 600,32 Seats available
Kerala,Thiruvananthapuram to Kozhikode,https://www.redbus.in/bus-tickets/thiruvananthapuram-to-kozhikode,Kallada Travels (Suresh Kallada),A/C Sleeper (2+1),17:25,10h 26m,03:51,2.8,INR 1200,21 Seats available
Kerala,Thiruvananthapuram to Kozhikode,https://www.redbus.in/bus-tickets/thiruvananthapuram-to-kozhikode,KP Travels,A/C Seater Push Back (2+2),21:30,08h 00m,05:30,1.6,INR 499,25 Seats available
Kerala,Thiruvananthapuram to Kozhikode,https://www.redbus.in/bus-tickets/thiruvananthapuram-to-kozhikode,Madhavi Travels,A/C Semi Sleeper (2+2),20:45,08h 05m,04:50,4.2,759,17 Seats available
Kerala,Thiruvananthapuram to Kozhikode,https://www.redbus.in/bus-tickets/thiruvananthapuram-to-kozhikode,Kohinoor Travels,A/C Sleeper (2+1),17:35,08h 25m,02:00,3.9,INR 1050,12 Seats available
Kerala,Thiruvananthapuram to Kozhikode,https://www.redbus.in/bus-tickets/thiruvananthapuram-to-kozhikode,Galaxy Tours,Bharat Benz A/C Semi Sleeper (2+2),21:00,09h 00m,06:00,2.8,INR 700,29 Seats available
Kerala,Thiruvananthapuram to Kozhikode,https://www.redbus.in/bus-tickets/thiruvananthapuram-to-kozhikode,EMERALD TRAVELS,Bharat Benz A/C Seater (2+2),20:30,08h 55m,05:25,1.6,INR 800,31 Seats available
Kerala,Thiruvananthapuram to Kozhikode,https://www.redbus.in/bus-tickets/thiruvananthapuram-to-kozhikode,EMERALD TRAVELS,A/C Sleeper (2+1),19:30,09h 00m,04:30,1.6,INR 1000,17 Seats available
Kerala,Kozhikode to Thrissur,https://www.redbus.in/bus-tickets/kozhikode-to-thrissur,KSRTC (Kerala) - 2372,Low Floor AC Seater 2+2,19:30,02h 35m,22:05,2.1,INR 253,10 Seats available
Kerala,Kozhikode to Thrissur,https://www.redbus.in/bus-tickets/kozhikode-to-thrissur,KSRTC (Kerala) - 564,Super Express Non AC Seater Air Bus (2+2),20:12,02h 28m,22:40,3.3,INR 216,8 Seats available
Kerala,Kozhikode to Thrissur,https://www.redbus.in/bus-tickets/kozhikode-to-thrissur,KSRTC (Kerala) - 2393,Low Floor AC Seater 2+2,20:30,03h 05m,23:35,2.5,INR 253,7 Seats available
Kerala,Kozhikode to Thrissur,https://www.redbus.in/bus-tickets/kozhikode-to-thrissur,KSRTC (Kerala) - 424,Super Fast Non AC Seater (2+3),20:45,03h 45m,00:30,3.3,INR 181,19 Seats available
Kerala,Kozhikode to Thrissur,https://www.redbus.in/bus-tickets/kozhikode-to-thrissur,KSRTC (Kerala) - 827,Super Fast Non AC Seater (2+3),21:00,03h 30m,00:30,3.3,INR 181,18 Seats available
Kerala,Kozhikode to Thrissur,https://www.redbus.in/bus-tickets/kozhikode-to-thrissur,KSRTC (Kerala) - 815,Super Fast Non AC Seater (2+3),21:10,03h 45m,00:55,3.3,INR 181,15 Seats available
Kerala,Kozhikode to Thrissur,https://www.redbus.in/bus-tickets/kozhikode-to-thrissur,KSRTC (Kerala) - 531,Super Express Non AC Seater Air Bus (2+2),21:15,02h 25m,23:40,3.3,INR 216,1 Seat available
Kerala,Kozhikode to Thrissur,https://www.redbus.in/bus-tickets/kozhikode-to-thrissur,KSRTC (Kerala) - 2954,Super Express Non AC Seater Air Bus (2+2),21:25,03h 30m,00:55,3.3,INR 216,1 Seat available
Kerala,Kozhikode to Thrissur,https://www.redbus.in/bus-tickets/kozhikode-to-thrissur,KSRTC (Kerala) - 1880,Low Floor AC Seater 2+2,21:30,03h 05m,00:35,2.6,INR 253,12 Seats available
Kerala,Kozhikode to Thrissur,https://www.redbus.in/bus-tickets/kozhikode-to-thrissur,KSRTC (Kerala) - 44,Swift Deluxe Non AC Air Bus (2+2),21:50,02h 50m,00:40,3.3,INR 216,1 Seat available
Kerala,Kozhikode to Thrissur,https://www.redbus.in/bus-tickets/kozhikode-to-thrissur,KSRTC (Kerala) - 1100,AC MULTI AXLE,22:05,02h 45m,00:50,3.3,INR 340,2 Seats available
Kerala,Kozhikode to Thrissur,https://www.redbus.in/bus-tickets/kozhikode-to-thrissur,KSRTC (Kerala) - 560,Super Express Non AC Seater Air Bus (2+2),22:10,03h 05m,01:15,3.3,INR 216,2 Seats available
Kerala,Kozhikode to Thrissur,https://www.redbus.in/bus-tickets/kozhikode-to-thrissur,KSRTC (Kerala) - 409,Super Express Non AC Seater Air Bus (2+2),22:15,02h 30m,00:45,3.3,INR 216,1 Seat available
Kerala,Kozhikode to Thrissur,https://www.redbus.in/bus-tickets/kozhikode-to-thrissur,KSRTC (Kerala) - 2743,Super Express Non AC Seater Air Bus (2+2),22:20,02h 55m,01:15,3.3,INR 216,9 Seats available
Kerala,Kozhikode to Thrissur,https://www.redbus.in/bus-tickets/kozhikode-to-thrissur,KSRTC (Kerala) - 666,Super Fast Non AC Seater (2+3),22:25,03h 30m,01:55,3.3,INR 181,29 Seats available
Kerala,Kozhikode to Thrissur,https://www.redbus.in/bus-tickets/kozhikode-to-thrissur,KSRTC (Kerala) - 1841,Low Floor AC Seater 2+2,22:30,03h 10m,01:40,3.3,INR 253,7 Seats available
Kerala,Kozhikode to Thrissur,https://www.redbus.in/bus-tickets/kozhikode-to-thrissur,KSRTC (Kerala) - 781,Super Fast Non AC Seater (2+3),22:45,03h 25m,02:10,3.3,INR 181,7 Seats available
Kerala,Kozhikode to Thrissur,https://www.redbus.in/bus-tickets/kozhikode-to-thrissur,KSRTC (Kerala) - 586,Super Express Non AC Seater Air Bus (2+2),22:50,03h 15m,02:05,3.3,INR 201,1 Seat available
Kerala,Kozhikode to Thrissur,https://www.redbus.in/bus-tickets/kozhikode-to-thrissur,KSRTC (Kerala) - 279,Super Fast Non AC Seater (2+3),23:05,03h 45m,02:50,3.3,INR 181,19 Seats available
Kerala,Kozhikode to Thrissur,https://www.redbus.in/bus-tickets/kozhikode-to-thrissur,KSRTC (Kerala) - 673,Super Fast Non AC Seater (2+3),23:25,03h 15m,02:40,3.3,INR 181,1 Seat available
Kerala,Kozhikode to Thrissur,https://www.redbus.in/bus-tickets/kozhikode-to-thrissur,KSRTC (Kerala) - 1843,Low Floor AC Seater 2+2,23:30,03h 05m,02:35,3.3,INR 253,7 Seats available
Kerala,Kozhikode to Thrissur,https://www.redbus.in/bus-tickets/kozhikode-to-thrissur,KSRTC (Kerala) - 345,Super Fast Non AC Seater (2+3),23:55,03h 40m,03:35,3.3,INR 181,1 Seat available
Kerala,Kozhikode to Thrissur,https://www.redbus.in/bus-tickets/kozhikode-to-thrissur,BLM Transports,A/C Sleeper (2+1),22:00,03h 00m,01:00,3.9,1121,10 Seats available
Kerala,Kozhikode to Thrissur,https://www.redbus.in/bus-tickets/kozhikode-to-thrissur,Madhavi Travels,A/C Sleeper (2+1),22:20,02h 50m,01:10,3.9,INR 999,1 Seat available
Kerala,Kozhikode to Thrissur,https://www.redbus.in/bus-tickets/kozhikode-to-thrissur,Kallada Travels (Suresh Kallada),A/C Sleeper (2+1),23:15,02h 25m,01:40,3.1,INR 850,23 Seats available
Kerala,Kozhikode to Thrissur,https://www.redbus.in/bus-tickets/kozhikode-to-thrissur,Madhavi Travels,Volvo Multi-Axle I-Shift B11R Semi Sleeper (2+2),23:30,02h 25m,01:55,3.9,INR 799,44 Seats available
Kerala,Kozhikode to Thrissur,https://www.redbus.in/bus-tickets/kozhikode-to-thrissur,Madhavi Travels,Volvo Multi-Axle I-Shift B11R Semi Sleeper (2+2),23:30,01h 40m,01:10,3.9,INR 799,20 Seats available
Kerala,Kozhikode to Thrissur,https://www.redbus.in/bus-tickets/kozhikode-to-thrissur,Madhavi Travels,A/C Semi Sleeper (2+2),23:30,01h 40m,01:10,3.9,INR 699,10 Seats available
Kerala,Kozhikode to Thrissur,https://www.redbus.in/bus-tickets/kozhikode-to-thrissur,A1 Travels,Bharat Benz A/C Sleeper (2+1),23:30,02h 00m,01:30,3.2,INR 1100,15 Seats available
Kerala,Kozhikode to Thrissur,https://www.redbus.in/bus-tickets/kozhikode-to-thrissur,UFO Bus,A/C Sleeper (2+1),23:55,03h 35m,03:30,3.9,765,17 Seats available
Kerala,Kozhikode to Thrissur,https://www.redbus.in/bus-tickets/kozhikode-to-thrissur,Madhavi Travels,A/C Sleeper (2+1),23:30,03h 20m,02:50,3.9,INR 899,7 Seats available
Kerala,Kozhikode to Thrissur,https://www.redbus.in/bus-tickets/kozhikode-to-thrissur,UFO Bus,Volvo Multi-Axle B9R A/c Semi Sleeper (2+2),23:55,03h 35m,03:30,3.9,648,10 Seats available
Kerala,Kozhikode to Thrissur,https://www.redbus.in/bus-tickets/kozhikode-to-thrissur,Cochin Express,A/C Seater Push Back (2+2),23:55,03h 40m,03:35,4.1,INR 700,41 Seats available
Kerala,Kozhikode to Thrissur,https://www.redbus.in/bus-tickets/kozhikode-to-thrissur,SG Travels,Bharat Benz A/C Sleeper (2+1),23:59,03h 31m,03:30,4.7,INR 800,19 Seats available
Kerala,Kozhikode to Thrissur,https://www.redbus.in/bus-tickets/kozhikode-to-thrissur,UFO Bus,Volvo A/C Semi Sleeper (2+2),00:20,03h 10m,03:30,3.9,648,28 Seats available
Kerala,Kozhikode to Thrissur,https://www.redbus.in/bus-tickets/kozhikode-to-thrissur,Arya Travels,A/C Sleeper (2+1),23:59,03h 16m,03:15,3.2,INR 895,13 Seats available
Kerala,Kozhikode to Thrissur,https://www.redbus.in/bus-tickets/kozhikode-to-thrissur,Kalpaka Travels 1,A/C Semi Sleeper (2+2),23:59,03h 41m,03:40,4.0,INR 600,36 Seats available
Kerala,Kozhikode to Thrissur,https://www.redbus.in/bus-tickets/kozhikode-to-thrissur,Cochin Express,Volvo Multi-Axle Sleeper A/C (2+1),23:59,03h 16m,03:15,4.1,INR 1000,12 Seats available
Kerala,Kozhikode to Thrissur,https://www.redbus.in/bus-tickets/kozhikode-to-thrissur,Kalpaka Travels 1,A/C Sleeper (2+1),23:59,03h 46m,03:45,4.0,INR 800,28 Seats available
Kerala,Kozhikode to Thrissur,https://www.redbus.in/bus-tickets/kozhikode-to-thrissur,Cochin Express,Volvo Multi-Axle B9R A/c Semi Sleeper (2+2),23:59,03h 31m,03:30,4.1,INR 700,3 Seats available
Kerala,Kozhikode to Thrissur,https://www.redbus.in/bus-tickets/kozhikode-to-thrissur,Cochin Express,A/C Sleeper (2+1),23:59,03h 31m,03:30,4.1,INR 850,2 Seats available
Kerala,Kozhikode to Thrissur,https://www.redbus.in/bus-tickets/kozhikode-to-thrissur,Galaxy Tours,2+1 Air Suspension A/C Seater / Sleeper,21:45,03h 00m,00:45,2.6,INR 650,1 Seat available
Kerala,Kozhikode to Thrissur,https://www.redbus.in/bus-tickets/kozhikode-to-thrissur,Galaxy Tours,A/C Semi Sleeper (2+2),21:45,01h 59m,23:44,2.6,INR 700,23 Seats available
Kerala,Kozhikode to Thrissur,https://www.redbus.in/bus-tickets/kozhikode-to-thrissur,EMERALD TRAVELS,Bharat Benz A/C Semi Sleeper (2+2),22:10,02h 20m,00:30,2.9,INR 617,16 Seats available
Kerala,Kozhikode to Thrissur,https://www.redbus.in/bus-tickets/kozhikode-to-thrissur,EMERALD TRAVELS,Bharat Benz A/C Seater (2+2),23:00,01h 35m,00:35,2.9,INR 700,32 Seats available
Kerala,Kozhikode to Thrissur,https://www.redbus.in/bus-tickets/kozhikode-to-thrissur,EMERALD TRAVELS,Volvo A/C Seater (2+2),23:59,03h 56m,03:55,2.9,INR 600,34 Seats available
Kerala,Kozhikode to Kottayam,https://www.redbus.in/bus-tickets/kozhikode-to-kottayam,KSRTC (Kerala) - 2984,Super Fast Non AC Seater (2+3),19:20,07h 00m,02:20,2.6,INR 332,15 Seats available
Kerala,Kozhikode to Kottayam,https://www.redbus.in/bus-tickets/kozhikode-to-kottayam,KSRTC (Kerala) - 2372,Low Floor AC Seater 2+2,19:30,05h 40m,01:10,2.6,INR 475,11 Seats available
Kerala,Kozhikode to Kottayam,https://www.redbus.in/bus-tickets/kozhikode-to-kottayam,KSRTC (Kerala) - 1880,Low Floor AC Seater 2+2,21:30,06h 35m,04:05,2.6,INR 475,7 Seats available
Kerala,Kozhikode to Kottayam,https://www.redbus.in/bus-tickets/kozhikode-to-kottayam,KSRTC (Kerala) - 344,Super Fast Non AC Seater (2+3),21:45,06h 40m,04:25,2.8,INR 332,38 Seats available
Kerala,Kozhikode to Kottayam,https://www.redbus.in/bus-tickets/kozhikode-to-kottayam,KSRTC (Kerala) - 1100,AC MULTI AXLE,22:05,05h 20m,03:25,2.6,INR 606,1 Seat available
Kerala,Kozhikode to Kottayam,https://www.redbus.in/bus-tickets/kozhikode-to-kottayam,KSRTC (Kerala) - 560,Super Express Non AC Seater Air Bus (2+2),22:10,06h 20m,04:30,3.3,INR 381,4 Seats available
Kerala,Kozhikode to Kottayam,https://www.redbus.in/bus-tickets/kozhikode-to-kottayam,KSRTC (Kerala) - 2743,Super Express Non AC Seater Air Bus (2+2),22:20,06h 00m,04:20,2.6,INR 381,8 Seats available
Kerala,Kozhikode to Kottayam,https://www.redbus.in/bus-tickets/kozhikode-to-kottayam,KSRTC (Kerala) - 1704,Super Fast Non AC Seater (2+3),22:40,07h 01m,05:41,2.6,INR 341,27 Seats available
Kerala,Kozhikode to Kottayam,https://www.redbus.in/bus-tickets/kozhikode-to-kottayam,KSRTC (Kerala) - 128,Super Deluxe Non AC Seater Air Bus (2+2),22:55,05h 15m,04:10,1.0,INR 381,14 Seats available
Kerala,Kozhikode to Kottayam,https://www.redbus.in/bus-tickets/kozhikode-to-kottayam,KSRTC (Kerala) - 1843,Low Floor AC Seater 2+2,23:30,06h 20m,05:50,3.9,INR 475,2 Seats available
Kerala,Kozhikode to Kottayam,https://www.redbus.in/bus-tickets/kozhikode-to-kottayam,KSRTC (Kerala) - 1963,Super Fast Non AC Seater (2+3),23:45,06h 15m,06:00,2.6,INR 332,25 Seats available
Kerala,Kozhikode to Kottayam,https://www.redbus.in/bus-tickets/kozhikode-to-kottayam,Sonia Travels,A/C Seater/Sleeper (2+1),23:30,06h 45m,06:15,4.6,INR 850,8 Seats available
Kerala,Kozhikode to Kottayam,https://www.redbus.in/bus-tickets/kozhikode-to-kottayam,Sonia Travels,A/C Semi Sleeper (2+2),23:45,06h 40m,06:25,4.4,INR 750,5 Seats available
Kerala,Kozhikode to Kottayam,https://www.redbus.in/bus-tickets/kozhikode-to-kottayam,Madhavi Travels,Volvo Multi-Axle I-Shift B11R Semi Sleeper (2+2),23:30,05h 20m,04:50,3.9,INR 899,18 Seats available
Kerala,Kozhikode to Kottayam,https://www.redbus.in/bus-tickets/kozhikode-to-kottayam,Madhavi Travels,A/C Sleeper (2+1),23:30,06h 30m,06:00,3.9,INR 999,5 Seats available
Kerala,Kozhikode to Kottayam,https://www.redbus.in/bus-tickets/kozhikode-to-kottayam,A1 Travels,A/C Seater / Sleeper (2+1),20:05,06h 55m,03:00,4.2,INR 700,2 Seats available
Kerala,Kozhikode to Kottayam,https://www.redbus.in/bus-tickets/kozhikode-to-kottayam,EMERALD TRAVELS,Bharat Benz A/C Semi Sleeper (2+2),22:10,05h 20m,03:30,3.2,INR 800,2 Seats available
Kerala,Kozhikode to Kottayam,https://www.redbus.in/bus-tickets/kozhikode-to-kottayam,Holy Maria Travels,A/C Semi Sleeper (2+2),23:30,07h 00m,06:30,3.5,INR 700,18 Seats available
Kerala,Kottayam to Kozhikode,https://www.redbus.in/bus-tickets/kottayam-to-kozhikode,KSRTC (Kerala) - 2131,Super Express Non AC Seater Air Bus (2+2),18:30,07h 20m,01:50,3.5,INR 370,12 Seats available
Kerala,Kottayam to Kozhikode,https://www.redbus.in/bus-tickets/kottayam-to-kozhikode,KSRTC (Kerala) - 559,Super Express Non AC Seater Air Bus (2+2),19:46,06h 24m,02:10,3.5,INR 381,14 Seats available
Kerala,Kottayam to Kozhikode,https://www.redbus.in/bus-tickets/kottayam-to-kozhikode,KSRTC (Kerala) - 1028,Super Fast Non AC Seater (2+3),20:10,07h 20m,03:30,3.5,INR 355,15 Seats available
Kerala,Kottayam to Kozhikode,https://www.redbus.in/bus-tickets/kottayam-to-kozhikode,KSRTC (Kerala) - 2071,Super Express Non AC Seater Air Bus (2+2),20:30,06h 00m,02:30,3.5,INR 350,19 Seats available
Kerala,Kottayam to Kozhikode,https://www.redbus.in/bus-tickets/kottayam-to-kozhikode,KSRTC (Kerala) - 852,Super Fast Non AC Seater (2+3),21:00,06h 30m,03:30,3.5,INR 332,45 Seats available
Kerala,Kottayam to Kozhikode,https://www.redbus.in/bus-tickets/kottayam-to-kozhikode,KSRTC (Kerala) - 377,AC MULTI AXLE,21:14,05h 35m,02:49,3.9,INR 606,25 Seats available
Kerala,Kottayam to Kozhikode,https://www.redbus.in/bus-tickets/kottayam-to-kozhikode,KSRTC (Kerala) - 847,Super Fast Non AC Seater (2+3),21:15,06h 30m,03:45,3.5,INR 332,47 Seats available
Kerala,Kottayam to Kozhikode,https://www.redbus.in/bus-tickets/kottayam-to-kozhikode,KSRTC (Kerala) - 523,Super Express Non AC Seater Air Bus (2+2),21:30,04h 50m,02:20,3.9,INR 381,20 Seats available
Kerala,Kottayam to Kozhikode,https://www.redbus.in/bus-tickets/kottayam-to-kozhikode,KSRTC (Kerala) - 91,Swift Deluxe Non AC Air Bus (2+2),21:35,05h 50m,03:25,3.5,INR 494,12 Seats available
Kerala,Kottayam to Kozhikode,https://www.redbus.in/bus-tickets/kottayam-to-kozhikode,KSRTC (Kerala) - 672,Super Fast Non AC Seater (2+3),21:50,06h 25m,04:15,3.1,INR 332,28 Seats available
Kerala,Kottayam to Kozhikode,https://www.redbus.in/bus-tickets/kottayam-to-kozhikode,KSRTC (Kerala) - 49,Swift Deluxe Non AC Air Bus (2+2),22:20,06h 00m,04:20,4.1,INR 381,5 Seats available
Kerala,Kottayam to Kozhikode,https://www.redbus.in/bus-tickets/kottayam-to-kozhikode,KSRTC (Kerala) - 2364,Low Floor AC Seater 2+2,22:40,06h 30m,05:10,3.5,INR 475,6 Seats available
Kerala,Kottayam to Kozhikode,https://www.redbus.in/bus-tickets/kottayam-to-kozhikode,KSRTC (Kerala) - 507,Super Express Non AC Seater Air Bus (2+2),22:50,04h 45m,03:35,3.5,INR 381,9 Seats available
Kerala,Kottayam to Kozhikode,https://www.redbus.in/bus-tickets/kottayam-to-kozhikode,KSRTC (Kerala) - 2690,Super Fast Non AC Seater (2+3),23:06,06h 24m,05:30,2.6,INR 332,40 Seats available
Kerala,Kottayam to Kozhikode,https://www.redbus.in/bus-tickets/kottayam-to-kozhikode,Sonia Travels,A/C Semi Sleeper (2+2),18:00,08h 20m,02:20,4.0,INR 700,24 Seats available
Kerala,Kottayam to Kozhikode,https://www.redbus.in/bus-tickets/kottayam-to-kozhikode,Sonia Travels,A/C Seater/Sleeper (2+1),19:10,07h 19m,02:29,4.0,INR 800,16 Seats available
Kerala,Kottayam to Kozhikode,https://www.redbus.in/bus-tickets/kottayam-to-kozhikode,Madhavi Travels,A/C Sleeper (2+1),19:00,08h 00m,03:00,3.9,INR 999,16 Seats available
Kerala,Kottayam to Kozhikode,https://www.redbus.in/bus-tickets/kottayam-to-kozhikode,Madhavi Travels,Volvo Multi-Axle I-Shift B11R Semi Sleeper (2+2),23:59,04h 31m,04:30,3.9,854,26 Seats available
Kerala,Kottayam to Kozhikode,https://www.redbus.in/bus-tickets/kottayam-to-kozhikode,Ubc travels,A/C Seater/Sleeper (2+1),18:00,09h 00m,03:00,3.7,INR 1300,1 Seat available
Kerala,Kottayam to Kozhikode,https://www.redbus.in/bus-tickets/kottayam-to-kozhikode,Kallada Travels (Suresh Kallada),A/C Sleeper (2+1),18:15,07h 10m,01:25,3.1,INR 1100,12 Seats available
Kerala,Kottayam to Kozhikode,https://www.redbus.in/bus-tickets/kottayam-to-kozhikode,A1 Travels,A/C Seater / Sleeper (2+1),23:59,07h 01m,07:00,2.2,INR 700,37 Seats available
Kerala,Kottayam to Kozhikode,https://www.redbus.in/bus-tickets/kottayam-to-kozhikode,EMERALD TRAVELS,A/C Sleeper (2+1),23:00,05h 30m,04:30,3.2,INR 1000,16 Seats available
Kerala,Kottayam to Kozhikode,https://www.redbus.in/bus-tickets/kottayam-to-kozhikode,Jacobs Travels,A/C Semi Sleeper (2+2),18:30,08h 00m,02:30,3.1,INR 800,15 Seats available
